"team","year","rank","value","value_change","debt","debt_percent","revenue","expense","ebitda","revenue_multiple","ebitda_multiple","debt_yield","ebitda_yield","league","player_expense","gate_receipt","season","name"
"Philadelphia 76ers",1991,"7",75,NA,NA,NA,NA,NA,NA,NA,NA,NA,NA,"NBA",NA,NA,1992,"76ers"
"Philadelphia 76ers",1992,"11",63,NA,NA,NA,NA,NA,NA,NA,NA,NA,NA,"NBA",NA,NA,1993,"76ers"
"Philadelphia 76ers",1994,"19",83,NA,NA,NA,NA,NA,NA,NA,NA,NA,NA,"NBA",NA,NA,1995,"76ers"
"Philadelphia 76ers",1995,"26",81,NA,NA,NA,NA,NA,NA,NA,NA,NA,NA,"NBA",NA,NA,1996,"76ers"
"Philadelphia 76ers",1996,"25",93,NA,NA,NA,NA,NA,NA,NA,NA,NA,NA,"NBA",NA,NA,1997,"76ers"
"Philadelphia 76ers",1997,"25",113,NA,NA,NA,NA,NA,NA,NA,NA,NA,NA,"NBA",NA,NA,1998,"76ers"
"Philadelphia 76ers",1999,"9",195.76,NA,NA,NA,NA,NA,NA,NA,NA,NA,NA,"NBA",NA,NA,2000,"76ers"
"Philadelphia 76ers",2000,"6",231,0.18,69.3,0.3,57.7,55.9,1.8,4,128.33,0.026,0.008,"NBA",NA,NA,2001,"76ers"
"Philadelphia 76ers",2001,"7",233,0.01,69.9,0.3,86.3,79.8,6.5,2.7,35.85,0.093,0.028,"NBA",44.8,22.2,2002,"76ers"
"Philadelphia 76ers",2002,"5",279,0.19,61.38,0.22,103,91.9,11.1,2.71,25.14,0.181,0.04,"NBA",53.6,NA,2003,"76ers"
"Philadelphia 76ers",2003,"5",298,0.16,NA,NA,NA,NA,18.1,NA,16.46,NA,0.061,"NBA",NA,NA,2004,"76ers"
"Philadelphia 76ers",2004,"5",328,0.1,65.6,0.2,109,107,2,3.01,164,0.03,0.006,"NBA",NA,NA,2005,"76ers"
"Philadelphia 76ers",2005,"8",342,0.04,95.76,0.28,107,99.8,7.2,3.2,47.5,0.075,0.021,"NBA",NA,NA,2006,"76ers"
"Philadelphia 76ers",2006,"12",375,0.07,93.75,0.25,110,116.2,-6.2,3.41,0,0,NA,"NBA",NA,NA,2007,"76ers"
"Philadelphia 76ers",2007,"13",380,0.01,64.6,0.17,112,114.8,-2.8,3.39,0,0,NA,"NBA",NA,NA,2008,"76ers"
"Philadelphia 76ers",2008,"13",360,-0.05,64.8,0.18,116,115.7,0.3,3.1,1200,0.005,0.001,"NBA",NA,NA,2009,"76ers"
"Philadelphia 76ers",2009,"14",344,-0.04,65.36,0.19,115,107.4,7.6,2.99,45.26,0.116,0.022,"NBA",NA,NA,2010,"76ers"
"Philadelphia 76ers",2010,"17",330,-0.04,75.9,0.23,110,111.2,-1.2,3,0,0,NA,"NBA",NA,NA,2011,"76ers"
"Philadelphia 76ers",2011,"22",314,-0.05,150.72,0.48,116,126.3,-10.3,2.71,0,0,NA,"NBA",NA,NA,2012,"76ers"
"Philadelphia 76ers",2012,"20",418,0.33,150.48,0.36,107,107.8,-0.8,3.91,0,0,NA,"NBA",NA,NA,2013,"76ers"
"Philadelphia 76ers",2013,"23",469,0.12,150.08,0.32,117,120.8,-3.8,4.00854700854701,-123.421052631579,-0.025319829424307,-0.00810234541577825,"NBA",NA,NA,2014,"76ers"
"Milwaukee Bucks",1991,"16",53.5,NA,NA,NA,NA,NA,NA,NA,NA,NA,NA,"NBA",NA,NA,1992,"Bucks"
"Milwaukee Bucks",1992,"20",56,NA,NA,NA,NA,NA,NA,NA,NA,NA,NA,"NBA",NA,NA,1993,"Bucks"
"Milwaukee Bucks",1994,"23",77,NA,NA,NA,NA,NA,NA,NA,NA,NA,NA,"NBA",NA,NA,1995,"Bucks"
"Milwaukee Bucks",1995,"18",92,NA,NA,NA,NA,NA,NA,NA,NA,NA,NA,"NBA",NA,NA,1996,"Bucks"
"Milwaukee Bucks",1996,"20",103,NA,NA,NA,NA,NA,NA,NA,NA,NA,NA,"NBA",NA,NA,1997,"Bucks"
"Milwaukee Bucks",1997,"28",103,NA,NA,NA,NA,NA,NA,NA,NA,NA,NA,"NBA",NA,NA,1998,"Bucks"
"Milwaukee Bucks",1999,"29",94.07,NA,NA,NA,NA,NA,NA,NA,NA,NA,NA,"NBA",NA,NA,2000,"Bucks"
"Milwaukee Bucks",2000,"28",111,0.18,25.53,0.23,25.8,40.7,-14.9,4.3,0,0,NA,"NBA",NA,NA,2001,"Bucks"
"Milwaukee Bucks",2001,"28",131,0.18,24.89,0.19,54.7,67.7,-13,2.39,0,0,NA,"NBA",48.3,15.3,2002,"Bucks"
"Milwaukee Bucks",2002,"28",150,0.14,19.5,0.13,65,81.3,-16.3,2.31,0,0,NA,"NBA",60.4,NA,2003,"Bucks"
"Milwaukee Bucks",2003,"29",168,0.14,NA,NA,NA,NA,-8.5,NA,0,NA,NA,"NBA",NA,NA,2004,"Bucks"
"Milwaukee Bucks",2004,"29",174,0.04,29.58,0.17,70,85.1,-15.1,2.49,0,0,NA,"NBA",NA,NA,2005,"Bucks"
"Milwaukee Bucks",2005,"29",199,0.14,39.8,0.2,77,72.2,4.8,2.58,41.46,0.121,0.024,"NBA",NA,NA,2006,"Bucks"
"Milwaukee Bucks",2006,"28",260,0.13,54.6,0.21,87,85.5,1.5,2.99,173.33,0.027,0.006,"NBA",NA,NA,2007,"Bucks"
"Milwaukee Bucks",2007,"29",264,0.01,55.44,0.21,88,86.3,1.7,3,155.29,0.031,0.006,"NBA",NA,NA,2008,"Bucks"
"Milwaukee Bucks",2008,"30",278,0.05,55.6,0.2,94,88.6,5.4,2.96,51.48,0.097,0.019,"NBA",NA,NA,2009,"Bucks"
"Milwaukee Bucks",2009,"30",254,-0.09,55.88,0.22,91,98.4,-7.4,2.79,0,0,NA,"NBA",NA,NA,2010,"Bucks"
"Milwaukee Bucks",2010,"30",258,0.02,54.18,0.21,92,94,-2,2.8,0,0,NA,"NBA",NA,NA,2011,"Bucks"
"Milwaukee Bucks",2011,"30",268,0.04,56.28,0.21,92,99.6,-7.6,2.91,0,0,NA,"NBA",NA,NA,2012,"Bucks"
"Milwaukee Bucks",2012,"30",312,0.16,56.16,0.18,87,87.5,-0.5,3.59,0,0,NA,"NBA",NA,NA,2013,"Bucks"
"Milwaukee Bucks",2013,"30",405,0.3,76.95,0.19,109,97.5,11.5,3.71559633027523,35.2173913043478,0.149447693307342,0.0283950617283951,"NBA",NA,NA,2014,"Bucks"
"Chicago Bulls",1991,"4",100,NA,NA,NA,NA,NA,NA,NA,NA,NA,NA,"NBA",NA,NA,1992,"Bulls"
"Chicago Bulls",1992,"4",100,NA,NA,NA,NA,NA,NA,NA,NA,NA,NA,"NBA",NA,NA,1993,"Bulls"
"Chicago Bulls",1994,"3",149,NA,NA,NA,NA,NA,NA,NA,NA,NA,NA,"NBA",NA,NA,1995,"Bulls"
"Chicago Bulls",1995,"4",166,NA,NA,NA,NA,NA,NA,NA,NA,NA,NA,"NBA",NA,NA,1996,"Bulls"
"Chicago Bulls",1996,"4",178,NA,NA,NA,NA,NA,NA,NA,NA,NA,NA,"NBA",NA,NA,1997,"Bulls"
"Chicago Bulls",1997,"3",214,NA,NA,NA,NA,NA,NA,NA,NA,NA,NA,"NBA",NA,NA,1998,"Bulls"
"Chicago Bulls",1999,"1",303.96,NA,NA,NA,NA,NA,NA,NA,NA,NA,NA,"NBA",NA,NA,2000,"Bulls"
"Chicago Bulls",2000,"2",307,0.01,30.7,0.1,66.8,46.4,20.4,4.6,15.05,0.664,0.066,"NBA",NA,NA,2001,"Bulls"
"Chicago Bulls",2001,"3",314,0.02,31.4,0.1,112.2,64,48.2,2.8,6.51,1.535,0.154,"NBA",29.5,30.5,2002,"Bulls"
"Chicago Bulls",2002,"3",329,0.05,29.61,0.09,117,65.3,51.7,2.81,6.36,1.746,0.157,"NBA",32.7,NA,2003,"Bulls"
"Chicago Bulls",2003,"3",323,0.23,NA,NA,NA,NA,39.1,NA,8.26,NA,0.121,"NBA",NA,NA,2004,"Bulls"
"Chicago Bulls",2004,"3",356,0.1,24.92,0.07,119,70,49,2.99,7.27,1.966,0.138,"NBA",NA,NA,2005,"Bulls"
"Chicago Bulls",2005,"5",368,0.03,51.52,0.14,123,86.2,36.8,2.99,10,0.714,0.1,"NBA",NA,NA,2006,"Bulls"
"Chicago Bulls",2006,"4",461,0.13,55.32,0.12,149,100.5,48.5,3.09,9.51,0.877,0.105,"NBA",NA,NA,2007,"Bulls"
"Chicago Bulls",2007,"3",500,0.09,55,0.11,161,101.7,59.3,3.11,8.43,1.078,0.119,"NBA",NA,NA,2008,"Bulls"
"Chicago Bulls",2008,"3",504,0.01,55.44,0.11,165,109.6,55.4,3.05,9.1,0.999,0.11,"NBA",NA,NA,2009,"Bulls"
"Chicago Bulls",2009,"3",511,0.02,56.21,0.11,168,117,51,3.04,10.02,0.907,0.1,"NBA",NA,NA,2010,"Bulls"
"Chicago Bulls",2010,"3",511,0,56.21,0.11,169,117.7,51.3,3.02,9.96,0.913,0.1,"NBA",NA,NA,2011,"Bulls"
"Chicago Bulls",2011,"3",600,0.17,54,0.09,185,125.6,59.4,3.24,10.1,1.1,0.099,"NBA",NA,NA,2012,"Bulls"
"Chicago Bulls",2012,"3",800,0.33,56,0.07,162,127.8,34.2,4.94,23.39,0.611,0.043,"NBA",NA,NA,2013,"Bulls"
"Chicago Bulls",2013,"3",1000,0.25,60,0.06,195,142.8,52.2,5.12820512820513,19.1570881226054,0.87,0.0522,"NBA",NA,NA,2014,"Bulls"
"Cleveland Cavaliers",1991,"8",61.1,NA,NA,NA,NA,NA,NA,NA,NA,NA,NA,"NBA",NA,NA,1992,"Cavaliers"
"Cleveland Cavaliers",1992,"6",81,NA,NA,NA,NA,NA,NA,NA,NA,NA,NA,"NBA",NA,NA,1993,"Cavaliers"
"Cleveland Cavaliers",1994,"6",118,NA,NA,NA,NA,NA,NA,NA,NA,NA,NA,"NBA",NA,NA,1995,"Cavaliers"
"Cleveland Cavaliers",1995,"6",133,NA,NA,NA,NA,NA,NA,NA,NA,NA,NA,"NBA",NA,NA,1996,"Cavaliers"
"Cleveland Cavaliers",1996,"6",151,NA,NA,NA,NA,NA,NA,NA,NA,NA,NA,"NBA",NA,NA,1997,"Cavaliers"
"Cleveland Cavaliers",1997,"6",180,NA,NA,NA,NA,NA,NA,NA,NA,NA,NA,"NBA",NA,NA,1998,"Cavaliers"
"Cleveland Cavaliers",1999,"13",160.38,NA,NA,NA,NA,NA,NA,NA,NA,NA,NA,"NBA",NA,NA,2000,"Cavaliers"
"Cleveland Cavaliers",2000,"13",170,0.06,0,0,37.8,37.9,-0.1,4.5,0,NA,NA,"NBA",NA,NA,2001,"Cavaliers"
"Cleveland Cavaliers",2001,"16",185,0.09,0,0,68.6,70.6,-2,2.7,0,NA,NA,"NBA",49,15.3,2002,"Cavaliers"
"Cleveland Cavaliers",2002,"17",202,0.09,0,0,75,67.9,7.1,2.69,28.45,NA,0.035,"NBA",47.8,NA,2003,"Cavaliers"
"Cleveland Cavaliers",2003,"17",222,0.14,NA,NA,NA,NA,5.9,NA,37.63,NA,0.027,"NBA",NA,NA,2004,"Cavaliers"
"Cleveland Cavaliers",2004,"15",258,0.16,30.96,0.12,72,68.2,3.8,3.58,67.89,0.123,0.015,"NBA",NA,NA,2005,"Cavaliers"
"Cleveland Cavaliers",2005,"13",298,0.15,29.8,0.1,93,71.1,21.9,3.2,13.61,0.735,0.073,"NBA",NA,NA,2006,"Cavaliers"
"Cleveland Cavaliers",2006,"10",380,0.07,201.4,0.53,115,91.1,23.9,3.3,15.9,0.119,0.063,"NBA",NA,NA,2007,"Cavaliers"
"Cleveland Cavaliers",2007,"7",455,0.2,200.2,0.44,152,120.1,31.9,2.99,14.26,0.159,0.07,"NBA",NA,NA,2008,"Cavaliers"
"Cleveland Cavaliers",2008,"5",477,0.05,200.34,0.42,159,145.9,13.1,3,36.41,0.065,0.027,"NBA",NA,NA,2009,"Cavaliers"
"Cleveland Cavaliers",2009,"5",476,0,199.92,0.42,159,154,5,2.99,95.2,0.025,0.011,"NBA",NA,NA,2010,"Cavaliers"
"Cleveland Cavaliers",2010,"15",355,-0.26,198.8,0.56,161,158.4,2.6,2.2,136.54,0.013,0.007,"NBA",NA,NA,2011,"Cavaliers"
"Cleveland Cavaliers",2011,"18",329,-0.07,200.69,0.61,149,116.1,32.9,2.21,10,0.164,0.1,"NBA",NA,NA,2012,"Cavaliers"
"Cleveland Cavaliers",2012,"16",434,0.32,199.64,0.46,128,109.4,18.6,3.39,23.33,0.093,0.043,"NBA",NA,NA,2013,"Cavaliers"
"Cleveland Cavaliers",2013,"19",515,0.19,200.85,0.39,145,134.2,10.8,3.55172413793103,47.6851851851852,0.0537714712471994,0.0209708737864078,"NBA",NA,NA,2014,"Cavaliers"
"Boston Celtics",1991,"2",180,NA,NA,NA,NA,NA,NA,NA,NA,NA,NA,"NBA",NA,NA,1992,"Celtics"
"Boston Celtics",1992,"3",110,NA,NA,NA,NA,NA,NA,NA,NA,NA,NA,"NBA",NA,NA,1993,"Celtics"
"Boston Celtics",1994,"7",117,NA,NA,NA,NA,NA,NA,NA,NA,NA,NA,"NBA",NA,NA,1995,"Celtics"
"Boston Celtics",1995,"8",127,NA,NA,NA,NA,NA,NA,NA,NA,NA,NA,"NBA",NA,NA,1996,"Celtics"
"Boston Celtics",1996,"9",134,NA,NA,NA,NA,NA,NA,NA,NA,NA,NA,"NBA",NA,NA,1997,"Celtics"
"Boston Celtics",1997,"11",155,NA,NA,NA,NA,NA,NA,NA,NA,NA,NA,"NBA",NA,NA,1998,"Celtics"
"Boston Celtics",1999,"10",176.42,NA,NA,NA,NA,NA,NA,NA,NA,NA,NA,"NBA",NA,NA,2000,"Celtics"
"Boston Celtics",2000,"10",187,0.06,87.89,0.47,41.5,39.2,2.3,4.51,81.3,0.026,0.012,"NBA",NA,NA,2001,"Celtics"
"Boston Celtics",2001,"11",212,0.13,93.28,0.44,81.5,69.1,12.4,2.6,17.1,0.133,0.058,"NBA",48.7,24.9,2002,"Celtics"
"Boston Celtics",2002,"13",218,0.03,54.5,0.25,81,71.2,9.8,2.69,22.24,0.18,0.045,"NBA",49.5,NA,2003,"Celtics"
"Boston Celtics",2003,"7",274,NA,NA,NA,NA,NA,17.4,NA,15.75,NA,0.063,"NBA",NA,NA,2004,"Celtics"
"Boston Celtics",2004,"6",290,0.06,179.8,0.62,97,71.4,25.6,2.99,11.33,0.142,0.088,"NBA",NA,NA,2005,"Celtics"
"Boston Celtics",2005,"9",334,0.15,180.36,0.54,104,78.6,25.4,3.21,13.15,0.141,0.076,"NBA",NA,NA,2006,"Celtics"
"Boston Celtics",2006,"13",367,0.04,179.83,0.49,111,95.3,15.7,3.31,23.38,0.087,0.043,"NBA",NA,NA,2007,"Celtics"
"Boston Celtics",2007,"11",391,0.06,179.86,0.46,117,98.7,18.3,3.34,21.37,0.102,0.047,"NBA",NA,NA,2008,"Celtics"
"Boston Celtics",2008,"9",447,0.14,178.8,0.4,149,128.9,20.1,3,22.24,0.112,0.045,"NBA",NA,NA,2009,"Celtics"
"Boston Celtics",2009,"8",433,-0.03,181.86,0.42,144,131.1,12.9,3.01,33.57,0.071,0.03,"NBA",NA,NA,2010,"Celtics"
"Boston Celtics",2010,"4",452,0.05,180.8,0.4,151,146.8,4.2,2.99,107.62,0.023,0.009,"NBA",NA,NA,2011,"Celtics"
"Boston Celtics",2011,"5",482,0.07,178.34,0.37,146,138.3,7.7,3.3,62.6,0.043,0.016,"NBA",NA,NA,2012,"Celtics"
"Boston Celtics",2012,"4",730,0.51,160.6,0.22,143,124.3,18.7,5.1,39.04,0.116,0.026,"NBA",NA,NA,2013,"Celtics"
"Boston Celtics",2013,"4",875,0.2,157.5,0.18,169,122.2,46.8,5.17751479289941,18.6965811965812,0.297142857142857,0.0534857142857143,"NBA",NA,NA,2014,"Celtics"
"Los Angeles Clippers",1991,"22",42.9,NA,NA,NA,NA,NA,NA,NA,NA,NA,NA,"NBA",NA,NA,1992,"Clippers"
"Los Angeles Clippers",1992,"21",54,NA,NA,NA,NA,NA,NA,NA,NA,NA,NA,"NBA",NA,NA,1993,"Clippers"
"Los Angeles Clippers",1994,"18",83,NA,NA,NA,NA,NA,NA,NA,NA,NA,NA,"NBA",NA,NA,1995,"Clippers"
"Los Angeles Clippers",1995,"22",87,NA,NA,NA,NA,NA,NA,NA,NA,NA,NA,"NBA",NA,NA,1996,"Clippers"
"Los Angeles Clippers",1996,"27",88,NA,NA,NA,NA,NA,NA,NA,NA,NA,NA,"NBA",NA,NA,1997,"Clippers"
"Los Angeles Clippers",1997,"29",95,NA,NA,NA,NA,NA,NA,NA,NA,NA,NA,"NBA",NA,NA,1998,"Clippers"
"Los Angeles Clippers",1999,"28",101.98,NA,NA,NA,NA,NA,NA,NA,NA,NA,NA,"NBA",NA,NA,2000,"Clippers"
"Los Angeles Clippers",2000,"29",103,0.01,0,0,23,36.2,-13.2,4.48,0,NA,NA,"NBA",NA,NA,2001,"Clippers"
"Los Angeles Clippers",2001,"25",154,0.5,0,0,61.8,50.3,11.5,2.49,13.39,NA,0.075,"NBA",28.8,15,2002,"Clippers"
"Los Angeles Clippers",2002,"24",170,0.1,0,0,68,56.5,11.5,2.5,14.78,NA,0.068,"NBA",32.6,NA,2003,"Clippers"
"Los Angeles Clippers",2003,"24",205,0.14,NA,NA,NA,NA,16.3,NA,12.58,NA,0.079,"NBA",NA,NA,2004,"Clippers"
"Los Angeles Clippers",2004,"24",208,0.01,0,0,72,56.1,15.9,2.89,13.08,NA,0.076,"NBA",NA,NA,2005,"Clippers"
"Los Angeles Clippers",2005,"26",224,0.08,0,0,77,54.6,22.4,2.91,10,NA,0.1,"NBA",NA,NA,2006,"Clippers"
"Los Angeles Clippers",2006,"22",285,0.15,0,0,95,79.3,15.7,3,18.15,NA,0.055,"NBA",NA,NA,2007,"Clippers"
"Los Angeles Clippers",2007,"24",294,0.03,0,0,98,88.2,9.8,3,30,NA,0.033,"NBA",NA,NA,2008,"Clippers"
"Los Angeles Clippers",2008,"25",297,0.01,0,0,99,88.3,10.7,3,27.76,NA,0.036,"NBA",NA,NA,2009,"Clippers"
"Los Angeles Clippers",2009,"23",295,-0.01,0,0,102,92,10,2.89,29.5,NA,0.034,"NBA",NA,NA,2010,"Clippers"
"Los Angeles Clippers",2010,"22",305,0.03,0,0,102,91,11,2.99,27.73,NA,0.036,"NBA",NA,NA,2011,"Clippers"
"Los Angeles Clippers",2011,"20",324,0.06,0,0,108,98.6,9.4,3,34.47,NA,0.029,"NBA",NA,NA,2012,"Clippers"
"Los Angeles Clippers",2012,"18",430,0.33,0,0,108,98.9,9.1,3.98,47.25,NA,0.021,"NBA",NA,NA,2013,"Clippers"
"Los Angeles Clippers",2013,"13",575,0.34,0,0,128,113,15,4.4921875,38.3333333333333,Inf,0.0260869565217391,"NBA",NA,NA,2014,"Clippers"
"Memphis Grizzlies",2002,"27",160,0.36,80,0.5,53,66.3,-13.3,3.02,0,0,NA,"NBA",51.2,NA,2003,"Grizzlies"
"Memphis Grizzlies",2003,"25",198,NA,NA,NA,NA,NA,0.6,NA,330,NA,0.003,"NBA",NA,NA,2004,"Grizzlies"
"Memphis Grizzlies",2004,"21",227,0.14,90.8,0.4,63,82.7,-19.7,3.6,0,0,NA,"NBA",NA,NA,2005,"Grizzlies"
"Memphis Grizzlies",2005,"22",238,0.05,90.44,0.38,75,79.1,-4.1,3.17,0,0,NA,"NBA",NA,NA,2006,"Grizzlies"
"Memphis Grizzlies",2006,"18",313,0.07,150.24,0.48,101,119.5,-18.5,3.1,0,0,NA,"NBA",NA,NA,2007,"Grizzlies"
"Memphis Grizzlies",2007,"23",304,-0.03,148.96,0.49,98,108.9,-10.9,3.1,0,0,NA,"NBA",NA,NA,2008,"Grizzlies"
"Memphis Grizzlies",2008,"27",294,-0.03,149.94,0.51,95,98.2,-3.2,3.09,0,0,NA,"NBA",NA,NA,2009,"Grizzlies"
"Memphis Grizzlies",2009,"29",257,-0.13,149.06,0.58,88,95.1,-7.1,2.92,0,0,NA,"NBA",NA,NA,2010,"Grizzlies"
"Memphis Grizzlies",2010,"28",266,0.04,148.96,0.56,92,94.6,-2.6,2.89,0,0,NA,"NBA",NA,NA,2011,"Grizzlies"
"Memphis Grizzlies",2011,"29",269,0.01,150.64,0.56,99,123.8,-24.8,2.72,0,0,NA,"NBA",NA,NA,2012,"Grizzlies"
"Memphis Grizzlies",2012,"25",377,0.4,109.33,0.29,96,108.5,-12.5,3.93,0,0,NA,"NBA",NA,NA,2013,"Grizzlies"
"Memphis Grizzlies",2013,"24",453,0.2,176.67,0.39,126,114.8,11.2,3.5952380952381,40.4464285714286,0.0633950302824475,0.0247240618101545,"NBA",NA,NA,2014,"Grizzlies"
"Vancouver Grizzlies",1997,"20",127,NA,NA,NA,NA,NA,NA,NA,NA,NA,NA,"NBA",NA,NA,1998,"Grizzlies"
"Vancouver Grizzlies",1999,"18",133.68,NA,NA,NA,NA,NA,NA,NA,NA,NA,NA,"NBA",NA,NA,2000,"Grizzlies"
"Vancouver Grizzlies",2000,"26",127,-0.05,59.69,0.47,28.2,40.6,-12.4,4.5,0,0,NA,"NBA",NA,NA,2001,"Grizzlies"
"Vancouver Grizzlies",2001,"29",118,-0.07,80.24,0.68,51.3,59.8,-8.5,2.3,0,0,NA,"NBA",40.2,11.6,2002,"Grizzlies"
"Atlanta Hawks",1991,"15",53.5,NA,NA,NA,NA,NA,NA,NA,NA,NA,NA,"NBA",NA,NA,1992,"Hawks"
"Atlanta Hawks",1992,"19",57,NA,NA,NA,NA,NA,NA,NA,NA,NA,NA,"NBA",NA,NA,1993,"Hawks"
"Atlanta Hawks",1994,"25",72,NA,NA,NA,NA,NA,NA,NA,NA,NA,NA,"NBA",NA,NA,1995,"Hawks"
"Atlanta Hawks",1995,"23",84,NA,NA,NA,NA,NA,NA,NA,NA,NA,NA,"NBA",NA,NA,1996,"Hawks"
"Atlanta Hawks",1996,"23",96,NA,NA,NA,NA,NA,NA,NA,NA,NA,NA,"NBA",NA,NA,1997,"Hawks"
"Atlanta Hawks",1997,"26",111,NA,NA,NA,NA,NA,NA,NA,NA,NA,NA,"NBA",NA,NA,1998,"Hawks"
"Atlanta Hawks",1999,"17",140.19,NA,NA,NA,NA,NA,NA,NA,NA,NA,NA,"NBA",NA,NA,2000,"Hawks"
"Atlanta Hawks",2000,"20",150,0.07,66,0.44,28.8,48.1,-19.3,5.21,0,0,NA,"NBA",NA,NA,2001,"Hawks"
"Atlanta Hawks",2001,"17",184,0.23,60.72,0.33,70.8,72.6,-1.8,2.6,0,0,NA,"NBA",45.6,16.7,2002,"Hawks"
"Atlanta Hawks",2002,"19",199,0.08,59.7,0.3,76,70.2,5.8,2.62,34.31,0.097,0.029,"NBA",42.2,NA,2003,"Hawks"
"Atlanta Hawks",2003,"23",206,NA,NA,NA,NA,NA,4.2,NA,49.05,NA,0.02,"NBA",NA,NA,2004,"Hawks"
"Atlanta Hawks",2004,"25",202,-0.02,70.7,0.35,78,86.4,-8.4,2.59,0,0,NA,"NBA",NA,NA,2005,"Hawks"
"Atlanta Hawks",2005,"23",232,0.15,71.92,0.31,83,78.3,4.7,2.8,49.36,0.065,0.02,"NBA",NA,NA,2006,"Hawks"
"Atlanta Hawks",2006,"25",275,0.05,71.5,0.26,92,79.1,12.9,2.99,21.32,0.18,0.047,"NBA",NA,NA,2007,"Hawks"
"Atlanta Hawks",2007,"26",286,0.04,71.5,0.25,95,85.3,9.7,3.01,29.48,0.136,0.034,"NBA",NA,NA,2008,"Hawks"
"Atlanta Hawks",2008,"21",306,0.07,70.38,0.23,102,95.3,6.7,3,45.67,0.095,0.022,"NBA",NA,NA,2009,"Hawks"
"Atlanta Hawks",2009,"21",306,0,64.26,0.21,103,105,-2,2.97,0,0,NA,"NBA",NA,NA,2010,"Hawks"
"Atlanta Hawks",2010,"23",295,-0.04,185.85,0.63,105,112.3,-7.3,2.81,0,0,NA,"NBA",NA,NA,2011,"Hawks"
"Atlanta Hawks",2011,"28",270,-0.08,243,0.9,109,123.7,-14.7,2.48,0,0,NA,"NBA",NA,NA,2012,"Hawks"
"Atlanta Hawks",2012,"28",316,0.17,237,0.75,99,117.7,-18.7,3.19,0,0,NA,"NBA",NA,NA,2013,"Hawks"
"Atlanta Hawks",2013,"27",425,0.34,233.75,0.55,119,122.6,-3.6,3.57142857142857,-118.055555555556,-0.0154010695187166,-0.00847058823529412,"NBA",NA,NA,2014,"Hawks"
"Miami Heat",1991,"12",58.6,NA,NA,NA,NA,NA,NA,NA,NA,NA,NA,"NBA",NA,NA,1992,"Heat"
"Miami Heat",1992,"18",60,NA,NA,NA,NA,NA,NA,NA,NA,NA,NA,"NBA",NA,NA,1993,"Heat"
"Miami Heat",1994,"24",76,NA,NA,NA,NA,NA,NA,NA,NA,NA,NA,"NBA",NA,NA,1995,"Heat"
"Miami Heat",1995,"21",88,NA,NA,NA,NA,NA,NA,NA,NA,NA,NA,"NBA",NA,NA,1996,"Heat"
"Miami Heat",1996,"22",97,NA,NA,NA,NA,NA,NA,NA,NA,NA,NA,"NBA",NA,NA,1997,"Heat"
"Miami Heat",1997,"22",118,NA,NA,NA,NA,NA,NA,NA,NA,NA,NA,"NBA",NA,NA,1998,"Heat"
"Miami Heat",1999,"16",144.64,NA,NA,NA,NA,NA,NA,NA,NA,NA,NA,"NBA",NA,NA,2000,"Heat"
"Miami Heat",2000,"17",162,0.12,184.68,1.14,33.1,53.8,-20.7,4.89,0,0,NA,"NBA",NA,NA,2001,"Heat"
"Miami Heat",2001,"10",225,0.39,184.5,0.82,89.9,80.2,9.7,2.5,23.2,0.053,0.043,"NBA",53.5,29.9,2002,"Heat"
"Miami Heat",2002,"7",248,0.1,186,0.75,99,97.7,1.3,2.51,190.77,0.007,0.005,"NBA",66.9,NA,2003,"Heat"
"Miami Heat",2003,"13",250,0.2,NA,NA,NA,NA,8.1,NA,30.86,NA,0.032,"NBA",NA,NA,2004,"Heat"
"Miami Heat",2004,"19",236,-0.06,184.08,0.78,91,83.1,7.9,2.59,29.87,0.043,0.033,"NBA",NA,NA,2005,"Heat"
"Miami Heat",2005,"17",279,0.18,184.14,0.66,93,74.4,18.6,3,15,0.101,0.067,"NBA",NA,NA,2006,"Heat"
"Miami Heat",2006,"8",409,0.13,179.96,0.44,132,111.5,20.5,3.1,19.95,0.114,0.05,"NBA",NA,NA,2007,"Heat"
"Miami Heat",2007,"9",418,0.02,175.56,0.42,131,113.1,17.9,3.19,23.35,0.102,0.043,"NBA",NA,NA,2008,"Heat"
"Miami Heat",2008,"12",393,-0.06,168.99,0.43,131,132.1,-1.1,3,0,0,NA,"NBA",NA,NA,2009,"Heat"
"Miami Heat",2009,"12",364,-0.07,163.8,0.45,126,118,8,2.89,45.5,0.049,0.022,"NBA",NA,NA,2010,"Heat"
"Miami Heat",2010,"7",425,0.17,161.5,0.38,124,129.9,-5.9,3.43,0,0,NA,"NBA",NA,NA,2011,"Heat"
"Miami Heat",2011,"6",457,0.08,155.38,0.34,158,132,26,2.89,17.58,0.167,0.057,"NBA",NA,NA,2012,"Heat"
"Miami Heat",2012,"6",625,0.37,112.5,0.18,150,135.1,14.9,4.17,41.95,0.132,0.024,"NBA",NA,NA,2013,"Heat"
"Miami Heat",2013,"7",770,0.23,100.1,0.13,188,158.8,29.2,4.09574468085106,26.3698630136986,0.291708291708292,0.0379220779220779,"NBA",NA,NA,2014,"Heat"
"Charlotte Bobcats",2006,"24",277,-0.08,149.58,0.54,89,77.1,11.9,3.11,23.28,0.08,0.043,"NBA",NA,NA,2007,"Hornets (Bobcats)"
"Charlotte Bobcats",2007,"25",287,0.04,149.24,0.52,93,87.7,5.3,3.09,54.15,0.036,0.018,"NBA",NA,NA,2008,"Hornets (Bobcats)"
"Charlotte Bobcats",2008,"29",284,-0.01,150.52,0.53,95,99.9,-4.9,2.99,0,0,NA,"NBA",NA,NA,2009,"Hornets (Bobcats)"
"Charlotte Bobcats",2009,"25",278,-0.02,161.24,0.58,96,111.1,-15.1,2.9,0,0,NA,"NBA",NA,NA,2010,"Hornets (Bobcats)"
"Charlotte Bobcats",2010,"25",281,0.01,148.93,0.53,98,118,-20,2.87,0,0,NA,"NBA",NA,NA,2011,"Hornets (Bobcats)"
"Charlotte Bobcats",2011,"26",277,-0.01,149.58,0.54,101,126.5,-25.5,2.74,0,0,NA,"NBA",NA,NA,2012,"Hornets (Bobcats)"
"Charlotte Bobcats",2012,"29",315,0.14,151.2,0.48,93,106.3,-13.3,3.39,0,0,NA,"NBA",NA,NA,2013,"Hornets (Bobcats)"
"Charlotte Bobcats",2013,"29",410,0.3,151.7,0.37,115,108,7,3.56521739130435,58.5714285714286,0.04614370468029,0.0170731707317073,"NBA",NA,NA,2014,"Hornets (Bobcats)"
"Utah Jazz",1991,"21",44.9,NA,NA,NA,NA,NA,NA,NA,NA,NA,NA,"NBA",NA,NA,1992,"Jazz"
"Utah Jazz",1992,"23",52,NA,NA,NA,NA,NA,NA,NA,NA,NA,NA,"NBA",NA,NA,1993,"Jazz"
"Utah Jazz",1994,"11",98,NA,NA,NA,NA,NA,NA,NA,NA,NA,NA,"NBA",NA,NA,1995,"Jazz"
"Utah Jazz",1995,"9",127,NA,NA,NA,NA,NA,NA,NA,NA,NA,NA,"NBA",NA,NA,1996,"Jazz"
"Utah Jazz",1996,"7",142,NA,NA,NA,NA,NA,NA,NA,NA,NA,NA,"NBA",NA,NA,1997,"Jazz"
"Utah Jazz",1997,"8",163,NA,NA,NA,NA,NA,NA,NA,NA,NA,NA,"NBA",NA,NA,1998,"Jazz"
"Utah Jazz",1999,"8",200.94,NA,NA,NA,NA,NA,NA,NA,NA,NA,NA,"NBA",NA,NA,2000,"Jazz"
"Utah Jazz",2000,"8",215,0.07,47.3,0.22,47.7,48.4,-0.7,4.51,0,0,NA,"NBA",NA,NA,2001,"Jazz"
"Utah Jazz",2001,"9",226,0.05,42.94,0.19,87,81.8,5.2,2.6,43.46,0.121,0.023,"NBA",51.7,33.8,2002,"Jazz"
"Utah Jazz",2002,"11",225,0,38.25,0.17,88,85.5,2.5,2.56,90,0.065,0.011,"NBA",56.7,NA,2003,"Jazz"
"Utah Jazz",2003,"16",226,0.14,NA,NA,NA,NA,1.9,NA,118.95,NA,0.008,"NBA",NA,NA,2004,"Jazz"
"Utah Jazz",2004,"18",239,0.06,31.07,0.13,85,71.2,13.8,2.81,17.32,0.444,0.058,"NBA",NA,NA,2005,"Jazz"
"Utah Jazz",2005,"20",257,0.07,28.27,0.11,88,60.5,27.5,2.92,9.35,0.973,0.107,"NBA",NA,NA,2006,"Jazz"
"Utah Jazz",2006,"21",297,0.08,20.79,0.07,96,94.6,1.4,3.09,212.14,0.067,0.005,"NBA",NA,NA,2007,"Jazz"
"Utah Jazz",2007,"16",342,0.15,17.1,0.05,114,108.3,5.7,3,60,0.333,0.017,"NBA",NA,NA,2008,"Jazz"
"Utah Jazz",2008,"14",358,0.05,10.74,0.03,119,110.2,8.8,3.01,40.68,0.819,0.025,"NBA",NA,NA,2009,"Jazz"
"Utah Jazz",2009,"15",343,-0.04,20.58,0.06,118,110.1,7.9,2.91,43.42,0.384,0.023,"NBA",NA,NA,2010,"Jazz"
"Utah Jazz",2010,"16",343,0,17.15,0.05,121,124.9,-3.9,2.83,0,0,NA,"NBA",NA,NA,2011,"Jazz"
"Utah Jazz",2011,"16",335,-0.02,10.05,0.03,120,136.4,-16.4,2.79,0,0,NA,"NBA",NA,NA,2012,"Jazz"
"Utah Jazz",2012,"17",432,0.29,0,0,111,98.9,12.1,3.89,35.7,NA,0.028,"NBA",NA,NA,2013,"Jazz"
"Utah Jazz",2013,"17",525,0.22,52.5,0.1,131,113.5,17.5,4.00763358778626,30,0.333333333333333,0.0333333333333333,"NBA",NA,NA,2014,"Jazz"
"Sacramento Kings",1991,"19",49.1,NA,NA,NA,NA,NA,NA,NA,NA,NA,NA,"NBA",NA,NA,1992,"Kings"
"Sacramento Kings",1992,"12",63,NA,NA,NA,NA,NA,NA,NA,NA,NA,NA,"NBA",NA,NA,1993,"Kings"
"Sacramento Kings",1994,"17",84,NA,NA,NA,NA,NA,NA,NA,NA,NA,NA,"NBA",NA,NA,1995,"Kings"
"Sacramento Kings",1995,"13",108,NA,NA,NA,NA,NA,NA,NA,NA,NA,NA,"NBA",NA,NA,1996,"Kings"
"Sacramento Kings",1996,"14",114,NA,NA,NA,NA,NA,NA,NA,NA,NA,NA,"NBA",NA,NA,1997,"Kings"
"Sacramento Kings",1997,"17",131,NA,NA,NA,NA,NA,NA,NA,NA,NA,NA,"NBA",NA,NA,1998,"Kings"
"Sacramento Kings",1999,"25",118.9,NA,NA,NA,NA,NA,NA,NA,NA,NA,NA,"NBA",NA,NA,2000,"Kings"
"Sacramento Kings",2000,"19",151,0.27,64.93,0.43,34.3,46.8,-12.5,4.4,0,0,NA,"NBA",NA,NA,2001,"Kings"
"Sacramento Kings",2001,"19",178,0.18,64.08,0.36,71.3,68.5,2.8,2.5,63.57,0.044,0.016,"NBA",42.6,27.2,2002,"Kings"
"Sacramento Kings",2002,"16",209,0.17,100.32,0.48,87,77,10,2.4,20.9,0.1,0.048,"NBA",49.1,NA,2003,"Kings"
"Sacramento Kings",2003,"10",259,0.14,NA,NA,NA,NA,13.5,NA,19.19,NA,0.052,"NBA",NA,NA,2004,"Kings"
"Sacramento Kings",2004,"12",275,0.06,66,0.24,102,118.8,-16.8,2.7,0,0,NA,"NBA",NA,NA,2005,"Kings"
"Sacramento Kings",2005,"10",330,0.2,82.5,0.25,118,117.4,0.6,2.8,550,0.007,0.002,"NBA",NA,NA,2006,"Kings"
"Sacramento Kings",2006,"11",379,0.1,83.38,0.22,126,109.6,16.4,3.01,23.11,0.197,0.043,"NBA",NA,NA,2007,"Kings"
"Sacramento Kings",2007,"12",385,0.02,84.7,0.22,128,107.5,20.5,3.01,18.78,0.242,0.053,"NBA",NA,NA,2008,"Kings"
"Sacramento Kings",2008,"16",350,-0.09,84,0.24,117,110,7,2.99,50,0.083,0.02,"NBA",NA,NA,2009,"Kings"
"Sacramento Kings",2009,"22",305,-0.13,94.55,0.31,109,111.8,-2.8,2.8,0,0,NA,"NBA",NA,NA,2010,"Kings"
"Sacramento Kings",2010,"24",293,-0.04,93.76,0.32,103,112.8,-9.8,2.84,0,0,NA,"NBA",NA,NA,2011,"Kings"
"Sacramento Kings",2011,"23",300,0.02,99,0.33,104,97.6,6.4,2.88,46.88,0.065,0.021,"NBA",NA,NA,2012,"Kings"
"Sacramento Kings",2012,"11",525,0.75,99.75,0.19,96,93.4,2.6,5.47,201.92,0.026,0.005,"NBA",NA,NA,2013,"Kings"
"Sacramento Kings",2013,"16",550,0.05,236.5,0.43,115,102.5,12.5,4.78260869565217,44,0.0528541226215645,0.0227272727272727,"NBA",NA,NA,2014,"Kings"
"New York Knicks",1991,"5",100,NA,NA,NA,NA,NA,NA,NA,NA,NA,NA,"NBA",NA,NA,1992,"Knicks"
"New York Knicks",1992,"5",83,NA,NA,NA,NA,NA,NA,NA,NA,NA,NA,"NBA",NA,NA,1993,"Knicks"
"New York Knicks",1994,"4",136,NA,NA,NA,NA,NA,NA,NA,NA,NA,NA,"NBA",NA,NA,1995,"Knicks"
"New York Knicks",1995,"2",173,NA,NA,NA,NA,NA,NA,NA,NA,NA,NA,"NBA",NA,NA,1996,"Knicks"
"New York Knicks",1996,"1",205,NA,NA,NA,NA,NA,NA,NA,NA,NA,NA,"NBA",NA,NA,1997,"Knicks"
"New York Knicks",1997,"1",250,NA,NA,NA,NA,NA,NA,NA,NA,NA,NA,"NBA",NA,NA,1998,"Knicks"
"New York Knicks",1999,"2",295.58,NA,NA,NA,NA,NA,NA,NA,NA,NA,NA,"NBA",NA,NA,2000,"Knicks"
"New York Knicks",2000,"1",334,0.13,163.66,0.49,92.9,88.9,4,3.6,83.5,0.024,0.012,"NBA",NA,NA,2001,"Knicks"
"New York Knicks",2001,"1",395,0.18,150.1,0.38,152,121.3,30.7,2.6,12.87,0.205,0.078,"NBA",74.8,43.5,2002,"Knicks"
"New York Knicks",2002,"2",392,-0.01,148.96,0.38,157,128.5,28.5,2.5,13.75,0.191,0.073,"NBA",81.6,NA,2003,"Knicks"
"New York Knicks",2003,"2",398,0.06,NA,NA,NA,NA,25.1,NA,15.86,NA,0.063,"NBA",NA,NA,2004,"Knicks"
"New York Knicks",2004,"2",401,0.01,248.62,0.62,160,146.5,13.5,2.51,29.7,0.054,0.034,"NBA",NA,NA,2005,"Knicks"
"New York Knicks",2005,"2",494,0.23,251.94,0.51,170,184.3,-14.3,2.91,0,0,NA,"NBA",NA,NA,2006,"Knicks"
"New York Knicks",2006,"1",592,0.09,0,0,185,224,-39,3.2,0,NA,NA,"NBA",NA,NA,2007,"Knicks"
"New York Knicks",2007,"1",608,0.03,0,0,196,238.2,-42.2,3.1,0,NA,NA,"NBA",NA,NA,2008,"Knicks"
"New York Knicks",2008,"1",613,0.01,0,0,208,178.4,29.6,2.95,20.71,NA,0.048,"NBA",NA,NA,2009,"Knicks"
"New York Knicks",2009,"2",586,-0.04,0,0,202,181,21,2.9,27.9,NA,0.036,"NBA",NA,NA,2010,"Knicks"
"New York Knicks",2010,"1",655,0.12,0,0,226,162,64,2.9,10.23,NA,0.098,"NBA",NA,NA,2011,"Knicks"
"New York Knicks",2011,"2",780,0.19,0,0,244,169.1,74.9,3.2,10.41,NA,0.096,"NBA",NA,NA,2012,"Knicks"
"New York Knicks",2012,"1",1100,0.41,0,0,243,159.8,83.2,4.53,13.22,NA,0.076,"NBA",NA,NA,2013,"Knicks"
"New York Knicks",2013,"1",1400,0.27,0,0,287,190.7,96.3,4.8780487804878,14.5379023883697,Inf,0.0687857142857143,"NBA",NA,NA,2014,"Knicks"
"Los Angeles Lakers",1991,"1",200,NA,NA,NA,NA,NA,NA,NA,NA,NA,NA,"NBA",NA,NA,1992,"Lakers"
"Los Angeles Lakers",1992,"1",150,NA,NA,NA,NA,NA,NA,NA,NA,NA,NA,"NBA",NA,NA,1993,"Lakers"
"Los Angeles Lakers",1994,"1",168,NA,NA,NA,NA,NA,NA,NA,NA,NA,NA,"NBA",NA,NA,1995,"Lakers"
"Los Angeles Lakers",1995,"3",169,NA,NA,NA,NA,NA,NA,NA,NA,NA,NA,"NBA",NA,NA,1996,"Lakers"
"Los Angeles Lakers",1996,"5",171,NA,NA,NA,NA,NA,NA,NA,NA,NA,NA,"NBA",NA,NA,1997,"Lakers"
"Los Angeles Lakers",1997,"4",211,NA,NA,NA,NA,NA,NA,NA,NA,NA,NA,"NBA",NA,NA,1998,"Lakers"
"Los Angeles Lakers",1999,"3",268.57,NA,NA,NA,NA,NA,NA,NA,NA,NA,NA,"NBA",NA,NA,2000,"Lakers"
"Los Angeles Lakers",2000,"3",282,0.05,157.92,0.56,58.7,59.6,-0.9,4.8,0,0,NA,"NBA",NA,NA,2001,"Lakers"
"Los Angeles Lakers",2001,"2",360,0.28,54,0.15,133.2,96.6,36.6,2.7,9.84,0.678,0.102,"NBA",57.7,50.2,2002,"Lakers"
"Los Angeles Lakers",2002,"1",403,0.12,52.39,0.13,144,112.9,31.1,2.8,12.96,0.594,0.077,"NBA",65.1,NA,2003,"Lakers"
"Los Angeles Lakers",2003,"1",426,0,NA,NA,NA,NA,44.1,NA,9.66,NA,0.104,"NBA",NA,NA,2004,"Lakers"
"Los Angeles Lakers",2004,"1",447,0.05,134.1,0.3,149,126.2,22.8,3,19.61,0.17,0.051,"NBA",NA,NA,2005,"Lakers"
"Los Angeles Lakers",2005,"1",510,0.14,56.1,0.11,170,134.2,35.8,3,14.25,0.638,0.07,"NBA",NA,NA,2006,"Lakers"
"Los Angeles Lakers",2006,"2",568,0.07,85.2,0.15,167,133.7,33.3,3.4,17.06,0.391,0.059,"NBA",NA,NA,2007,"Lakers"
"Los Angeles Lakers",2007,"2",560,-0.02,84,0.15,170,138.2,31.8,3.29,17.61,0.379,0.057,"NBA",NA,NA,2008,"Lakers"
"Los Angeles Lakers",2008,"2",584,0.04,128.48,0.22,191,143.1,47.9,3.06,12.19,0.373,0.082,"NBA",NA,NA,2009,"Lakers"
"Los Angeles Lakers",2009,"1",607,0.04,121.4,0.2,209,157.9,51.1,2.9,11.88,0.421,0.084,"NBA",NA,NA,2010,"Lakers"
"Los Angeles Lakers",2010,"2",643,0.06,122.17,0.19,214,180.6,33.4,3,19.25,0.273,0.052,"NBA",NA,NA,2011,"Lakers"
"Los Angeles Lakers",2011,"1",900,0.4,117,0.13,208,183.7,24.3,4.33,37.04,0.208,0.027,"NBA",NA,NA,2012,"Lakers"
"Los Angeles Lakers",2012,"2",1000,0.11,110,0.11,197,149.2,47.8,5.08,20.92,0.435,0.048,"NBA",NA,NA,2013,"Lakers"
"Los Angeles Lakers",2013,"2",1350,0.35,108,0.08,295,228.6,66.4,4.57627118644068,20.3313253012048,0.614814814814815,0.0491851851851852,"NBA",NA,NA,2014,"Lakers"
"Orlando Magic",1991,"9",60.8,NA,NA,NA,NA,NA,NA,NA,NA,NA,NA,"NBA",NA,NA,1992,"Magic"
"Orlando Magic",1992,"15",62,NA,NA,NA,NA,NA,NA,NA,NA,NA,NA,"NBA",NA,NA,1993,"Magic"
"Orlando Magic",1994,"16",84,NA,NA,NA,NA,NA,NA,NA,NA,NA,NA,"NBA",NA,NA,1995,"Magic"
"Orlando Magic",1995,"14",101,NA,NA,NA,NA,NA,NA,NA,NA,NA,NA,"NBA",NA,NA,1996,"Magic"
"Orlando Magic",1996,"12",121,NA,NA,NA,NA,NA,NA,NA,NA,NA,NA,"NBA",NA,NA,1997,"Magic"
"Orlando Magic",1997,"9",156,NA,NA,NA,NA,NA,NA,NA,NA,NA,NA,"NBA",NA,NA,1998,"Magic"
"Orlando Magic",1999,"19",133.61,NA,NA,NA,NA,NA,NA,NA,NA,NA,NA,"NBA",NA,NA,2000,"Magic"
"Orlando Magic",2000,"18",159,0.19,55.65,0.35,37.9,47,-9.1,4.2,0,0,NA,"NBA",NA,NA,2001,"Magic"
"Orlando Magic",2001,"24",165,0.04,54.45,0.33,66,66.2,-0.2,2.5,0,0,NA,"NBA",44.1,21.6,2002,"Magic"
"Orlando Magic",2002,"22",176,0.06,54.56,0.31,76,62.7,13.3,2.32,13.23,0.244,0.076,"NBA",40,NA,2003,"Magic"
"Orlando Magic",2003,"26",197,0.08,NA,NA,NA,NA,8.2,NA,24.02,NA,0.042,"NBA",NA,NA,2004,"Magic"
"Orlando Magic",2004,"26",199,0.01,59.7,0.3,80,66.9,13.1,2.49,15.19,0.219,0.066,"NBA",NA,NA,2005,"Magic"
"Orlando Magic",2005,"27",218,0.1,61.04,0.28,78,65.8,12.2,2.79,17.87,0.2,0.056,"NBA",NA,NA,2006,"Magic"
"Orlando Magic",2006,"23",283,0.15,59.43,0.21,89,109.4,-20.4,3.18,0,0,NA,"NBA",NA,NA,2007,"Magic"
"Orlando Magic",2007,"19",322,0.14,61.18,0.19,92,87.4,4.6,3.5,70,0.075,0.014,"NBA",NA,NA,2008,"Magic"
"Orlando Magic",2008,"17",349,0.08,101.21,0.29,100,93.8,6.2,3.49,56.29,0.061,0.018,"NBA",NA,NA,2009,"Magic"
"Orlando Magic",2009,"13",361,0.04,108.3,0.3,107,109.2,-2.2,3.37,0,0,NA,"NBA",NA,NA,2010,"Magic"
"Orlando Magic",2010,"11",385,0.06,111.65,0.29,108,131.1,-23.1,3.56,0,0,NA,"NBA",NA,NA,2011,"Magic"
"Orlando Magic",2011,"11",385,0,119.35,0.31,140,156,-16,2.75,0,0,NA,"NBA",NA,NA,2012,"Magic"
"Orlando Magic",2012,"14",470,0.22,122.2,0.26,126,114,12,3.73,39.17,0.098,0.026,"NBA",NA,NA,2013,"Magic"
"Orlando Magic",2013,"15",560,0.19,117.6,0.21,139,126.7,12.3,4.02877697841727,45.5284552845528,0.104591836734694,0.0219642857142857,"NBA",NA,NA,2014,"Magic"
"Dallas Mavericks",1991,"14",54.4,NA,NA,NA,NA,NA,NA,NA,NA,NA,NA,"NBA",NA,NA,1992,"Mavericks"
"Dallas Mavericks",1992,"17",60,NA,NA,NA,NA,NA,NA,NA,NA,NA,NA,"NBA",NA,NA,1993,"Mavericks"
"Dallas Mavericks",1994,"20",79,NA,NA,NA,NA,NA,NA,NA,NA,NA,NA,"NBA",NA,NA,1995,"Mavericks"
"Dallas Mavericks",1995,"25",81,NA,NA,NA,NA,NA,NA,NA,NA,NA,NA,"NBA",NA,NA,1996,"Mavericks"
"Dallas Mavericks",1996,"26",89,NA,NA,NA,NA,NA,NA,NA,NA,NA,NA,"NBA",NA,NA,1997,"Mavericks"
"Dallas Mavericks",1997,"27",104,NA,NA,NA,NA,NA,NA,NA,NA,NA,NA,"NBA",NA,NA,1998,"Mavericks"
"Dallas Mavericks",1999,"24",119.49,NA,NA,NA,NA,NA,NA,NA,NA,NA,NA,"NBA",NA,NA,2000,"Mavericks"
"Dallas Mavericks",2000,"22",141,0.18,107.16,0.76,26.1,40.8,-14.7,5.4,0,0,NA,"NBA",NA,NA,2001,"Mavericks"
"Dallas Mavericks",2001,"23",167,0.19,106.88,0.64,59.7,66.4,-6.7,2.8,0,0,NA,"NBA",42,21.3,2002,"Mavericks"
"Dallas Mavericks",2002,"15",211,0.26,105.5,0.5,68,91.4,-23.4,3.1,0,0,NA,"NBA",59.9,NA,2003,"Mavericks"
"Dallas Mavericks",2003,"4",304,NA,NA,NA,NA,NA,3.2,NA,95,NA,0.011,"NBA",NA,NA,2004,"Mavericks"
"Dallas Mavericks",2004,"4",338,0.11,148.72,0.44,117,134.7,-17.7,2.89,0,0,NA,"NBA",NA,NA,2005,"Mavericks"
"Dallas Mavericks",2005,"3",374,0.11,145.86,0.39,117,150.6,-33.6,3.2,0,0,NA,"NBA",NA,NA,2006,"Mavericks"
"Dallas Mavericks",2006,"3",463,0.15,138.9,0.3,140,164.4,-24.4,3.31,0,0,NA,"NBA",NA,NA,2007,"Mavericks"
"Dallas Mavericks",2007,"6",461,-0.01,124.47,0.27,140,141.6,-1.6,3.29,0,0,NA,"NBA",NA,NA,2008,"Mavericks"
"Dallas Mavericks",2008,"7",466,0.01,121.16,0.26,153,166.6,-13.6,3.05,0,0,NA,"NBA",NA,NA,2009,"Mavericks"
"Dallas Mavericks",2009,"7",446,-0.04,115.96,0.26,154,171.4,-17.4,2.9,0,0,NA,"NBA",NA,NA,2010,"Mavericks"
"Dallas Mavericks",2010,"6",438,-0.02,201.48,0.46,146,153.8,-7.8,3,0,0,NA,"NBA",NA,NA,2011,"Mavericks"
"Dallas Mavericks",2011,"4",497,0.13,198.8,0.4,166,169.9,-3.9,2.99,0,0,NA,"NBA",NA,NA,2012,"Mavericks"
"Dallas Mavericks",2012,"5",685,0.38,198.65,0.29,137,124,13,5,52.69,0.065,0.019,"NBA",NA,NA,2013,"Mavericks"
"Dallas Mavericks",2013,"8",765,0.12,198.9,0.26,162,124.5,37.5,4.72222222222222,20.4,0.188536953242836,0.0490196078431373,"NBA",NA,NA,2014,"Mavericks"
"Brooklyn Nets",2012,"9",530,0.48,280.9,0.53,84,100.6,-16.6,6.31,0,0,NA,"NBA",NA,NA,2013,"Nets"
"Brooklyn Nets",2013,"5",780,0.47,280.8,0.36,190,209,-19,4.10526315789474,-41.0526315789474,-0.0676638176638177,-0.0243589743589744,"NBA",NA,NA,2014,"Nets"
"New Jersey Nets",1991,"23",42.6,NA,NA,NA,NA,NA,NA,NA,NA,NA,NA,"NBA",NA,NA,1992,"Nets"
"New Jersey Nets",1992,"22",54,NA,NA,NA,NA,NA,NA,NA,NA,NA,NA,"NBA",NA,NA,1993,"Nets"
"New Jersey Nets",1994,"21",79,NA,NA,NA,NA,NA,NA,NA,NA,NA,NA,"NBA",NA,NA,1995,"Nets"
"New Jersey Nets",1995,"19",92,NA,NA,NA,NA,NA,NA,NA,NA,NA,NA,"NBA",NA,NA,1996,"Nets"
"New Jersey Nets",1996,"19",108,NA,NA,NA,NA,NA,NA,NA,NA,NA,NA,"NBA",NA,NA,1997,"Nets"
"New Jersey Nets",1997,"14",137,NA,NA,NA,NA,NA,NA,NA,NA,NA,NA,"NBA",NA,NA,1998,"Nets"
"New Jersey Nets",1999,"14",156.6,NA,NA,NA,NA,NA,NA,NA,NA,NA,NA,"NBA",NA,NA,2000,"Nets"
"New Jersey Nets",2000,"16",166,0.06,19.92,0.12,38.6,47.2,-8.6,4.3,0,0,NA,"NBA",NA,NA,2001,"Nets"
"New Jersey Nets",2001,"18",179,0.08,139.62,0.78,78,69.3,8.7,2.29,20.57,0.062,0.049,"NBA",45.3,27.1,2002,"Nets"
"New Jersey Nets",2002,"25",169,-0.06,157.17,0.93,73,84.3,-11.3,2.32,0,0,NA,"NBA",59.7,NA,2003,"Nets"
"New Jersey Nets",2003,"18",218,0.1,NA,NA,NA,NA,4.5,NA,48.44,NA,0.021,"NBA",NA,NA,2004,"Nets"
"New Jersey Nets",2004,"17",244,0.12,100.04,0.41,94,95.6,-1.6,2.6,0,0,NA,"NBA",NA,NA,2005,"Nets"
"New Jersey Nets",2005,"15",296,0.22,150.96,0.51,93,100.4,-7.4,3.18,0,0,NA,"NBA",NA,NA,2006,"Nets"
"New Jersey Nets",2006,"16",325,0.2,211.25,0.65,93,101,-8,3.49,0,0,NA,"NBA",NA,NA,2007,"Nets"
"New Jersey Nets",2007,"17",338,0.04,209.56,0.62,102,103.3,-1.3,3.31,0,0,NA,"NBA",NA,NA,2008,"Nets"
"New Jersey Nets",2008,"26",295,-0.13,209.45,0.71,98,98.9,-0.9,3.01,0,0,NA,"NBA",NA,NA,2009,"Nets"
"New Jersey Nets",2009,"26",269,-0.09,207.13,0.77,92,105.9,-13.9,2.92,0,0,NA,"NBA",NA,NA,2010,"Nets"
"New Jersey Nets",2010,"21",312,0.16,698.88,2.24,89,99.2,-10.2,3.51,0,0,NA,"NBA",NA,NA,2011,"Nets"
"New Jersey Nets",2011,"14",357,0.14,282.03,0.79,89,112.6,-23.6,4.01,0,0,NA,"NBA",NA,NA,2012,"Nets"
"Denver Nuggets",1991,"24",40.6,NA,NA,NA,NA,NA,NA,NA,NA,NA,NA,"NBA",NA,NA,1992,"Nuggets"
"Denver Nuggets",1992,"24",46,NA,NA,NA,NA,NA,NA,NA,NA,NA,NA,"NBA",NA,NA,1993,"Nuggets"
"Denver Nuggets",1994,"26",69,NA,NA,NA,NA,NA,NA,NA,NA,NA,NA,"NBA",NA,NA,1995,"Nuggets"
"Denver Nuggets",1995,"20",88,NA,NA,NA,NA,NA,NA,NA,NA,NA,NA,"NBA",NA,NA,1996,"Nuggets"
"Denver Nuggets",1996,"21",102,NA,NA,NA,NA,NA,NA,NA,NA,NA,NA,"NBA",NA,NA,1997,"Nuggets"
"Denver Nuggets",1997,"23",116,NA,NA,NA,NA,NA,NA,NA,NA,NA,NA,"NBA",NA,NA,1998,"Nuggets"
"Denver Nuggets",1999,"27",109.74,NA,NA,NA,NA,NA,NA,NA,NA,NA,NA,"NBA",NA,NA,2000,"Nuggets"
"Denver Nuggets",2000,"27",124,0.13,69.44,0.56,23.8,33.6,-9.8,5.21,0,0,NA,"NBA",NA,NA,2001,"Nuggets"
"Denver Nuggets",2001,"20",175,0.42,68.25,0.39,67.5,70.2,-2.7,2.59,0,0,NA,"NBA",45.7,15,2002,"Nuggets"
"Denver Nuggets",2002,"20",188,0.07,67.68,0.36,72,79.6,-7.6,2.61,0,0,NA,"NBA",54.8,NA,2003,"Nuggets"
"Denver Nuggets",2003,"21",209,NA,NA,NA,NA,NA,-5,NA,0,NA,NA,"NBA",NA,NA,2004,"Nuggets"
"Denver Nuggets",2004,"22",218,0.04,56.68,0.26,75,67.1,7.9,2.91,27.59,0.139,0.036,"NBA",NA,NA,2005,"Nuggets"
"Denver Nuggets",2005,"19",268,0.23,50.92,0.19,89,63.8,25.2,3.01,10.63,0.495,0.094,"NBA",NA,NA,2006,"Nuggets"
"Denver Nuggets",2006,"19",309,0.09,55.62,0.18,100,90.6,9.4,3.09,32.87,0.169,0.03,"NBA",NA,NA,2007,"Nuggets"
"Denver Nuggets",2007,"20",321,0.04,51.36,0.16,104,108.8,-4.8,3.09,0,0,NA,"NBA",NA,NA,2008,"Nuggets"
"Denver Nuggets",2008,"19",329,0.03,46.06,0.14,112,138.3,-26.3,2.94,0,0,NA,"NBA",NA,NA,2009,"Nuggets"
"Denver Nuggets",2009,"17",321,-0.03,35.31,0.11,115,110.4,4.6,2.79,69.78,0.13,0.014,"NBA",NA,NA,2010,"Nuggets"
"Denver Nuggets",2010,"20",316,-0.02,28.44,0.09,113,124.7,-11.7,2.8,0,0,NA,"NBA",NA,NA,2011,"Nuggets"
"Denver Nuggets",2011,"21",316,0,25.28,0.08,113,114.2,-1.2,2.8,0,0,NA,"NBA",NA,NA,2012,"Nuggets"
"Denver Nuggets",2012,"19",427,0.35,21.35,0.05,110,98,12,3.88,35.58,0.562,0.028,"NBA",NA,NA,2013,"Nuggets"
"Denver Nuggets",2013,"20",495,0.16,9.9,0.02,124,116,8,3.99193548387097,61.875,0.808080808080808,0.0161616161616162,"NBA",NA,NA,2014,"Nuggets"
"Indiana Pacers",1991,"27",33.3,NA,NA,NA,NA,NA,NA,NA,NA,NA,NA,"NBA",NA,NA,1992,"Pacers"
"Indiana Pacers",1992,"27",43,NA,NA,NA,NA,NA,NA,NA,NA,NA,NA,"NBA",NA,NA,1993,"Pacers"
"Indiana Pacers",1994,"27",67,NA,NA,NA,NA,NA,NA,NA,NA,NA,NA,"NBA",NA,NA,1995,"Pacers"
"Indiana Pacers",1995,"27",77,NA,NA,NA,NA,NA,NA,NA,NA,NA,NA,"NBA",NA,NA,1996,"Pacers"
"Indiana Pacers",1996,"24",94,NA,NA,NA,NA,NA,NA,NA,NA,NA,NA,"NBA",NA,NA,1997,"Pacers"
"Indiana Pacers",1997,"24",114,NA,NA,NA,NA,NA,NA,NA,NA,NA,NA,"NBA",NA,NA,1998,"Pacers"
"Indiana Pacers",1999,"15",152.14,NA,NA,NA,NA,NA,NA,NA,NA,NA,NA,"NBA",NA,NA,2000,"Pacers"
"Indiana Pacers",2000,"12",178,0.17,56.96,0.32,34.2,53.6,-19.4,5.2,0,0,NA,"NBA",NA,NA,2001,"Pacers"
"Indiana Pacers",2001,"8",232,0.31,58,0.25,86.1,85.2,0.9,2.69,257.78,0.016,0.004,"NBA",56.7,32,2002,"Pacers"
"Indiana Pacers",2002,"9",231,0,55.44,0.24,89,88.3,0.7,2.6,330,0.013,0.003,"NBA",57.6,NA,2003,"Pacers"
"Indiana Pacers",2003,"14",246,0.18,NA,NA,NA,NA,3.1,NA,79.35,NA,0.013,"NBA",NA,NA,2004,"Pacers"
"Indiana Pacers",2004,"10",280,0.14,50.4,0.18,94,83.9,10.1,2.98,27.72,0.2,0.036,"NBA",NA,NA,2005,"Pacers"
"Indiana Pacers",2005,"12",311,0.11,49.76,0.16,104,101.4,2.6,2.99,119.62,0.052,0.008,"NBA",NA,NA,2006,"Pacers"
"Indiana Pacers",2006,"14",340,0.05,47.6,0.14,110,122.5,-12.5,3.09,0,0,NA,"NBA",NA,NA,2007,"Pacers"
"Indiana Pacers",2007,"18",333,-0.02,46.62,0.14,107,108.3,-1.3,3.11,0,0,NA,"NBA",NA,NA,2008,"Pacers"
"Indiana Pacers",2008,"22",303,-0.09,48.48,0.16,101,107.5,-6.5,3,0,0,NA,"NBA",NA,NA,2009,"Pacers"
"Indiana Pacers",2009,"24",281,-0.07,50.58,0.18,97,112.7,-15.7,2.9,0,0,NA,"NBA",NA,NA,2010,"Pacers"
"Indiana Pacers",2010,"27",269,-0.04,150.64,0.56,95,111.9,-16.9,2.83,0,0,NA,"NBA",NA,NA,2011,"Pacers"
"Indiana Pacers",2011,"25",283,0.05,149.99,0.53,101,111.5,-10.5,2.8,0,0,NA,"NBA",NA,NA,2012,"Pacers"
"Indiana Pacers",2012,"24",383,0.35,149.37,0.39,98,87.1,10.9,3.91,35.14,0.073,0.028,"NBA",NA,NA,2013,"Pacers"
"Indiana Pacers",2013,"22",475,0.24,152,0.32,121,109.4,11.6,3.92561983471074,40.948275862069,0.0763157894736842,0.0244210526315789,"NBA",NA,NA,2014,"Pacers"
"Charlotte Hornets",1991,"11",59.6,NA,NA,NA,NA,NA,NA,NA,NA,NA,NA,"NBA",NA,NA,1992,"Pelicans (Hornets)"
"Charlotte Hornets",1992,"9",74,NA,NA,NA,NA,NA,NA,NA,NA,NA,NA,"NBA",NA,NA,1993,"Pelicans (Hornets)"
"Charlotte Hornets",1994,"9",104,NA,NA,NA,NA,NA,NA,NA,NA,NA,NA,"NBA",NA,NA,1995,"Pelicans (Hornets)"
"Charlotte Hornets",1995,"11",110,NA,NA,NA,NA,NA,NA,NA,NA,NA,NA,"NBA",NA,NA,1996,"Pelicans (Hornets)"
"Charlotte Hornets",1996,"17",113,NA,NA,NA,NA,NA,NA,NA,NA,NA,NA,"NBA",NA,NA,1997,"Pelicans (Hornets)"
"Charlotte Hornets",1997,"16",136,NA,NA,NA,NA,NA,NA,NA,NA,NA,NA,"NBA",NA,NA,1998,"Pelicans (Hornets)"
"Charlotte Hornets",1999,"21",123.64,NA,NA,NA,NA,NA,NA,NA,NA,NA,NA,"NBA",NA,NA,2000,"Pelicans (Hornets)"
"Charlotte Hornets",2000,"25",136,0.1,50.32,0.37,30.3,32.5,-2.2,4.49,0,0,NA,"NBA",NA,NA,2001,"Pelicans (Hornets)"
"Charlotte Hornets",2001,"27",144,0.06,50.4,0.35,57.8,59.9,-2.1,2.49,0,0,NA,"NBA",41.1,20,2002,"Pelicans (Hornets)"
"Charlotte Hornets",2002,"29",135,-0.06,49.95,0.37,65,65.5,-0.5,2.08,0,0,NA,"NBA",49.4,NA,2003,"Pelicans (Hornets)"
"New Orleans Hornets",2003,"28",172,0.13,NA,NA,NA,NA,-8.3,NA,0,NA,NA,"NBA",NA,NA,2004,"Pelicans (Hornets)"
"New Orleans Hornets",2004,"23",216,0.25,75.6,0.35,80,58.1,21.9,2.7,9.86,0.29,0.101,"NBA",NA,NA,2005,"Pelicans (Hornets)"
"New Orleans Hornets",2005,"25",225,0.04,99,0.44,80,62.9,17.1,2.81,13.16,0.173,0.076,"NBA",NA,NA,2006,"Pelicans (Hornets)"
"New Orleans Hornets",2006,"29",248,0.1,148.8,0.6,83,70.1,12.9,2.99,19.22,0.087,0.052,"NBA",NA,NA,2007,"Pelicans (Hornets)"
"New Orleans Hornets",2007,"27",272,0.1,149.6,0.55,91,80.8,10.2,2.99,26.67,0.068,0.037,"NBA",NA,NA,2008,"Pelicans (Hornets)"
"New Orleans Hornets",2008,"28",285,0.05,99.75,0.35,95,91.8,3.2,3,89.06,0.032,0.011,"NBA",NA,NA,2009,"Pelicans (Hornets)"
"New Orleans Hornets",2009,"28",267,-0.06,146.85,0.55,95,95.1,-0.1,2.81,0,0,NA,"NBA",NA,NA,2010,"Pelicans (Hornets)"
"New Orleans Hornets",2010,"26",280,0.05,193.2,0.69,100,105.9,-5.9,2.8,0,0,NA,"NBA",NA,NA,2011,"Pelicans (Hornets)"
"New Orleans Hornets",2011,"24",285,0.02,299.25,1.05,109,111.7,-2.7,2.61,0,0,NA,"NBA",NA,NA,2012,"Pelicans (Hornets)"
"New Orleans Hornets",2012,"27",340,0.19,125.8,0.37,100,96.7,3.3,3.4,103.03,0.026,0.01,"NBA",NA,NA,2013,"Pelicans (Hornets)"
"New Orleans Pelicans",2013,"28",420,0.24,126,0.3,116,104.8,11.2,3.62068965517241,37.5,0.0888888888888889,0.0266666666666667,"NBA",NA,NA,2014,"Pelicans (Hornets)"
"Detroit Pistons",1991,"3",150,NA,NA,NA,NA,NA,NA,NA,NA,NA,NA,"NBA",NA,NA,1992,"Pistons"
"Detroit Pistons",1992,"2",120,NA,NA,NA,NA,NA,NA,NA,NA,NA,NA,"NBA",NA,NA,1993,"Pistons"
"Detroit Pistons",1994,"2",154,NA,NA,NA,NA,NA,NA,NA,NA,NA,NA,"NBA",NA,NA,1995,"Pistons"
"Detroit Pistons",1995,"1",180,NA,NA,NA,NA,NA,NA,NA,NA,NA,NA,"NBA",NA,NA,1996,"Pistons"
"Detroit Pistons",1996,"3",186,NA,NA,NA,NA,NA,NA,NA,NA,NA,NA,"NBA",NA,NA,1997,"Pistons"
"Detroit Pistons",1997,"5",202,NA,NA,NA,NA,NA,NA,NA,NA,NA,NA,"NBA",NA,NA,1998,"Pistons"
"Detroit Pistons",1999,"7",205.46,NA,NA,NA,NA,NA,NA,NA,NA,NA,NA,"NBA",NA,NA,2000,"Pistons"
"Detroit Pistons",2000,"7",226,0.1,0,0,51.3,53,-1.7,4.41,0,NA,NA,"NBA",NA,NA,2001,"Pistons"
"Detroit Pistons",2001,"6",236,0.04,0,0,90.6,79,11.6,2.6,20.34,NA,0.049,"NBA",44.6,17.9,2002,"Pistons"
"Detroit Pistons",2002,"10",230,-0.02,0,0,92,74,18,2.5,12.78,NA,0.078,"NBA",40.5,NA,2003,"Pistons"
"Detroit Pistons",2003,"11",258,0.13,NA,NA,NA,NA,12.9,NA,20,NA,0.05,"NBA",NA,NA,2004,"Pistons"
"Detroit Pistons",2004,"7",284,0.1,0,0,102,78.5,23.5,2.78,12.09,NA,0.083,"NBA",NA,NA,2005,"Pistons"
"Detroit Pistons",2005,"6",363,0.28,0,0,121,98,23,3,15.78,NA,0.063,"NBA",NA,NA,2006,"Pistons"
"Detroit Pistons",2006,"6",429,0.07,0,0,138,116.2,21.8,3.11,19.68,NA,0.051,"NBA",NA,NA,2007,"Pistons"
"Detroit Pistons",2007,"4",477,0.11,0,0,154,114.8,39.2,3.1,12.17,NA,0.082,"NBA",NA,NA,2008,"Pistons"
"Detroit Pistons",2008,"4",480,0.01,0,0,160,119.6,40.4,3,11.88,NA,0.084,"NBA",NA,NA,2009,"Pistons"
"Detroit Pistons",2009,"4",479,0,0,0,171,124.1,46.9,2.8,10.21,NA,0.098,"NBA",NA,NA,2010,"Pistons"
"Detroit Pistons",2010,"13",360,-0.25,0,0,147,115.2,31.8,2.45,11.32,NA,0.088,"NBA",NA,NA,2011,"Pistons"
"Detroit Pistons",2011,"17",332,-0.08,185.92,0.56,141,131.3,9.7,2.35,34.23,0.052,0.029,"NBA",NA,NA,2012,"Pistons"
"Detroit Pistons",2012,"22",400,0.2,184,0.46,125,117.3,7.7,3.2,51.95,0.042,0.019,"NBA",NA,NA,2013,"Pistons"
"Detroit Pistons",2013,"25",450,0.12,184.5,0.41,139,128.7,10.3,3.23741007194245,43.6893203883495,0.0558265582655827,0.0228888888888889,"NBA",NA,NA,2014,"Pistons"
"Toronto Raptors",1997,"13",138,NA,NA,NA,NA,NA,NA,NA,NA,NA,NA,"NBA",NA,NA,1998,"Raptors"
"Toronto Raptors",1999,"23",121.05,NA,NA,NA,NA,NA,NA,NA,NA,NA,NA,"NBA",NA,NA,2000,"Raptors"
"Toronto Raptors",2000,"24",138,0.14,132.48,0.96,33.6,41.6,-8,4.11,0,0,NA,"NBA",NA,NA,2001,"Raptors"
"Toronto Raptors",2001,"26",148,0.07,137.64,0.93,61.5,60.3,1.2,2.41,123.33,0.009,0.008,"NBA",37.2,19.4,2002,"Raptors"
"Toronto Raptors",2002,"23",172,0.17,137.6,0.8,75,69.9,5.1,2.29,33.73,0.037,0.03,"NBA",40.9,NA,2003,"Raptors"
"Toronto Raptors",2003,"19",217,0.15,NA,NA,NA,NA,4.5,NA,48.22,NA,0.021,"NBA",NA,NA,2004,"Raptors"
"Toronto Raptors",2004,"16",249,0.15,62.25,0.25,96,85.4,10.6,2.59,23.49,0.17,0.043,"NBA",NA,NA,2005,"Raptors"
"Toronto Raptors",2005,"14",297,0.19,109.89,0.37,100,94.6,5.4,2.97,55,0.049,0.018,"NBA",NA,NA,2006,"Raptors"
"Toronto Raptors",2006,"17",315,0.13,173.25,0.55,105,96.6,8.4,3,37.5,0.048,0.027,"NBA",NA,NA,2007,"Raptors"
"Toronto Raptors",2007,"14",373,0.18,164.12,0.44,124,95.2,28.8,3.01,12.95,0.175,0.077,"NBA",NA,NA,2008,"Raptors"
"Toronto Raptors",2008,"11",400,0.07,160,0.4,138,110.3,27.7,2.9,14.44,0.173,0.069,"NBA",NA,NA,2009,"Raptors"
"Toronto Raptors",2009,"11",386,-0.03,146.68,0.38,133,115,18,2.9,21.44,0.123,0.047,"NBA",NA,NA,2010,"Raptors"
"Toronto Raptors",2010,"10",399,0.03,135.66,0.34,138,112.7,25.3,2.89,15.77,0.186,0.063,"NBA",NA,NA,2011,"Raptors"
"Toronto Raptors",2011,"12",382,-0.04,129.88,0.34,134,126.6,7.4,2.85,51.62,0.057,0.019,"NBA",NA,NA,2012,"Raptors"
"Toronto Raptors",2012,"21",405,0.06,162,0.4,121,102.2,18.8,3.35,21.54,0.116,0.046,"NBA",NA,NA,2013,"Raptors"
"Toronto Raptors",2013,"18",520,0.28,156,0.3,149,120.2,28.8,3.48993288590604,18.0555555555556,0.184615384615385,0.0553846153846154,"NBA",NA,NA,2014,"Raptors"
"Houston Rockets",1991,"13",58,NA,NA,NA,NA,NA,NA,NA,NA,NA,NA,"NBA",NA,NA,1992,"Rockets"
"Houston Rockets",1992,"16",61,NA,NA,NA,NA,NA,NA,NA,NA,NA,NA,"NBA",NA,NA,1993,"Rockets"
"Houston Rockets",1994,"15",84,NA,NA,NA,NA,NA,NA,NA,NA,NA,NA,"NBA",NA,NA,1995,"Rockets"
"Houston Rockets",1995,"17",95,NA,NA,NA,NA,NA,NA,NA,NA,NA,NA,"NBA",NA,NA,1996,"Rockets"
"Houston Rockets",1996,"13",116,NA,NA,NA,NA,NA,NA,NA,NA,NA,NA,"NBA",NA,NA,1997,"Rockets"
"Houston Rockets",1997,"12",154,NA,NA,NA,NA,NA,NA,NA,NA,NA,NA,"NBA",NA,NA,1998,"Rockets"
"Houston Rockets",1999,"12",166.34,NA,NA,NA,NA,NA,NA,NA,NA,NA,NA,"NBA",NA,NA,2000,"Rockets"
"Houston Rockets",2000,"15",168,0.01,40.32,0.24,44.3,47.9,-3.6,3.79,0,0,NA,"NBA",NA,NA,2001,"Rockets"
"Houston Rockets",2001,"13",206,0.23,39.14,0.19,79.4,80.4,-1,2.59,0,0,NA,"NBA",54.8,33.1,2002,"Rockets"
"Houston Rockets",2002,"8",234,0.13,39.78,0.17,81,77.2,3.8,2.89,61.58,0.096,0.016,"NBA",52.3,NA,2003,"Rockets"
"Houston Rockets",2003,"12",255,0.13,NA,NA,NA,NA,6.7,NA,38.06,NA,0.026,"NBA",NA,NA,2004,"Rockets"
"Houston Rockets",2004,"11",278,0.09,38.92,0.14,82,66.8,15.2,3.39,18.29,0.391,0.055,"NBA",NA,NA,2005,"Rockets"
"Houston Rockets",2005,"4",369,0.33,70.11,0.19,125,89.5,35.5,2.95,10.39,0.506,0.096,"NBA",NA,NA,2006,"Rockets"
"Houston Rockets",2006,"5",439,0.04,70.24,0.16,142,120.6,21.4,3.09,20.51,0.305,0.049,"NBA",NA,NA,2007,"Rockets"
"Houston Rockets",2007,"5",462,0.05,69.3,0.15,149,119.3,29.7,3.1,15.56,0.429,0.064,"NBA",NA,NA,2008,"Rockets"
"Houston Rockets",2008,"6",469,0.01,70.35,0.15,156,124.8,31.2,3.01,15.03,0.443,0.067,"NBA",NA,NA,2009,"Rockets"
"Houston Rockets",2009,"6",470,0,70.5,0.15,160,129.7,30.3,2.94,15.51,0.43,0.064,"NBA",NA,NA,2010,"Rockets"
"Houston Rockets",2010,"5",443,-0.06,70.88,0.16,153,117.1,35.9,2.9,12.34,0.506,0.081,"NBA",NA,NA,2011,"Rockets"
"Houston Rockets",2011,"7",453,0.02,99.66,0.22,150,132.1,17.9,3.02,25.31,0.18,0.04,"NBA",NA,NA,2012,"Rockets"
"Houston Rockets",2012,"7",568,0.25,102.24,0.18,135,108.4,26.6,4.21,21.35,0.26,0.047,"NBA",NA,NA,2013,"Rockets"
"Houston Rockets",2013,"6",775,0.36,100.75,0.13,191,127.3,63.7,4.05759162303665,12.1664050235479,0.632258064516129,0.0821935483870968,"NBA",NA,NA,2014,"Rockets"
"San Antonio Spurs",1991,"20",46.5,NA,NA,NA,NA,NA,NA,NA,NA,NA,NA,"NBA",NA,NA,1992,"Spurs"
"San Antonio Spurs",1992,"13",63,NA,NA,NA,NA,NA,NA,NA,NA,NA,NA,"NBA",NA,NA,1993,"Spurs"
"San Antonio Spurs",1994,"10",100,NA,NA,NA,NA,NA,NA,NA,NA,NA,NA,"NBA",NA,NA,1995,"Spurs"
"San Antonio Spurs",1995,"12",110,NA,NA,NA,NA,NA,NA,NA,NA,NA,NA,"NBA",NA,NA,1996,"Spurs"
"San Antonio Spurs",1996,"11",126,NA,NA,NA,NA,NA,NA,NA,NA,NA,NA,"NBA",NA,NA,1997,"Spurs"
"San Antonio Spurs",1997,"10",156,NA,NA,NA,NA,NA,NA,NA,NA,NA,NA,"NBA",NA,NA,1998,"Spurs"
"San Antonio Spurs",1999,"22",121.58,NA,NA,NA,NA,NA,NA,NA,NA,NA,NA,"NBA",NA,NA,2000,"Spurs"
"San Antonio Spurs",2000,"14",169,0.39,25.35,0.15,42.3,49,-6.7,4,0,0,NA,"NBA",NA,NA,2001,"Spurs"
"San Antonio Spurs",2001,"14",189,0.12,39.69,0.21,67.4,68.8,-1.4,2.8,0,0,NA,"NBA",46.3,26.9,2002,"Spurs"
"San Antonio Spurs",2002,"12",221,0.17,39.78,0.18,82,84.4,-2.4,2.7,0,0,NA,"NBA",60.2,NA,2003,"Spurs"
"San Antonio Spurs",2003,"15",242,0.14,NA,NA,NA,NA,8.3,NA,29.16,NA,0.034,"NBA",NA,NA,2004,"Spurs"
"San Antonio Spurs",2004,"8",283,0.24,130.18,0.46,105,86.5,18.5,2.7,15.3,0.142,0.065,"NBA",NA,NA,2005,"Spurs"
"San Antonio Spurs",2005,"11",324,0.15,129.6,0.4,108,81.3,26.7,3,12.13,0.206,0.082,"NBA",NA,NA,2006,"Spurs"
"San Antonio Spurs",2006,"9",390,0.11,58.5,0.15,122,110.3,11.7,3.2,33.33,0.2,0.03,"NBA",NA,NA,2007,"Spurs"
"San Antonio Spurs",2007,"10",405,0.04,56.7,0.14,131,115.5,15.5,3.09,26.13,0.273,0.038,"NBA",NA,NA,2008,"Spurs"
"San Antonio Spurs",2008,"10",415,0.03,53.95,0.13,138,119,19,3.01,21.84,0.352,0.046,"NBA",NA,NA,2009,"Spurs"
"San Antonio Spurs",2009,"10",398,-0.04,47.76,0.12,133,113.9,19.1,2.99,20.84,0.4,0.048,"NBA",NA,NA,2010,"Spurs"
"San Antonio Spurs",2010,"9",404,0.01,40.4,0.1,135,139.7,-4.7,2.99,0,0,NA,"NBA",NA,NA,2011,"Spurs"
"San Antonio Spurs",2011,"9",418,0.03,50.16,0.12,139,124.6,14.4,3.01,29.03,0.287,0.034,"NBA",NA,NA,2012,"Spurs"
"San Antonio Spurs",2012,"10",527,0.26,47.43,0.09,135,120.3,14.7,3.9,35.85,0.31,0.028,"NBA",NA,NA,2013,"Spurs"
"San Antonio Spurs",2013,"10",660,0.25,72.6,0.11,167,127.6,39.4,3.95209580838323,16.751269035533,0.542699724517906,0.0596969696969697,"NBA",NA,NA,2014,"Spurs"
"Phoenix Suns",1991,"6",99,NA,NA,NA,NA,NA,NA,NA,NA,NA,NA,"NBA",NA,NA,1992,"Suns"
"Phoenix Suns",1992,"7",80,NA,NA,NA,NA,NA,NA,NA,NA,NA,NA,"NBA",NA,NA,1993,"Suns"
"Phoenix Suns",1994,"8",108,NA,NA,NA,NA,NA,NA,NA,NA,NA,NA,"NBA",NA,NA,1995,"Suns"
"Phoenix Suns",1995,"5",156,NA,NA,NA,NA,NA,NA,NA,NA,NA,NA,"NBA",NA,NA,1996,"Suns"
"Phoenix Suns",1996,"2",191,NA,NA,NA,NA,NA,NA,NA,NA,NA,NA,"NBA",NA,NA,1997,"Suns"
"Phoenix Suns",1997,"2",220,NA,NA,NA,NA,NA,NA,NA,NA,NA,NA,"NBA",NA,NA,1998,"Suns"
"Phoenix Suns",1999,"5",234.31,NA,NA,NA,NA,NA,NA,NA,NA,NA,NA,"NBA",NA,NA,2000,"Suns"
"Phoenix Suns",2000,"5",239,0.02,54.97,0.23,58.3,52.5,5.8,4.1,41.21,0.106,0.024,"NBA",NA,NA,2001,"Suns"
"Phoenix Suns",2001,"5",252,0.05,25.2,0.1,96.8,80.3,16.5,2.6,15.27,0.655,0.065,"NBA",49,24,2002,"Suns"
"Phoenix Suns",2002,"6",266,0.06,133,0.5,102,76.8,25.2,2.61,10.56,0.189,0.095,"NBA",45.5,NA,2003,"Suns"
"Phoenix Suns",2003,"8",272,0.13,NA,NA,NA,NA,18.5,NA,14.7,NA,0.068,"NBA",NA,NA,2004,"Suns"
"Phoenix Suns",2004,"9",282,0.04,129.72,0.46,109,87.5,21.5,2.59,13.12,0.166,0.076,"NBA",NA,NA,2005,"Suns"
"Phoenix Suns",2005,"7",356,0.26,199.36,0.56,111,90.9,20.1,3.21,17.71,0.101,0.056,"NBA",NA,NA,2006,"Suns"
"Phoenix Suns",2006,"7",410,0.04,266.5,0.65,132,97.5,34.5,3.11,11.88,0.129,0.084,"NBA",NA,NA,2007,"Suns"
"Phoenix Suns",2007,"8",449,0.1,175.11,0.39,145,107.7,37.3,3.1,12.04,0.213,0.083,"NBA",NA,NA,2008,"Suns"
"Phoenix Suns",2008,"8",452,0.01,176.28,0.39,148,119.1,28.9,3.05,15.64,0.164,0.064,"NBA",NA,NA,2009,"Suns"
"Phoenix Suns",2009,"9",429,-0.05,184.47,0.43,148,127.3,20.7,2.9,20.72,0.112,0.048,"NBA",NA,NA,2010,"Suns"
"Phoenix Suns",2010,"8",411,-0.04,184.95,0.45,147,126.6,20.4,2.8,20.15,0.11,0.05,"NBA",NA,NA,2011,"Suns"
"Phoenix Suns",2011,"10",395,-0.04,185.65,0.47,136,122.9,13.1,2.9,30.15,0.071,0.033,"NBA",NA,NA,2012,"Suns"
"Phoenix Suns",2012,"13",474,0.2,184.86,0.39,121,108,13,3.92,36.46,0.07,0.027,"NBA",NA,NA,2013,"Suns"
"Phoenix Suns",2013,"14",565,0.19,186.45,0.33,137,108.8,28.2,4.12408759124088,20.0354609929078,0.15124698310539,0.0499115044247788,"NBA",NA,NA,2014,"Suns"
"Oklahoma City Thunder",2008,"24",300,0.12,141,0.47,82,91.4,-9.4,3.66,0,0,NA,"NBA",NA,NA,2009,"Thunder (Sonics)"
"Oklahoma City Thunder",2009,"20",310,0.03,139.5,0.45,111,98.3,12.7,2.79,24.41,0.091,0.041,"NBA",NA,NA,2010,"Thunder (Sonics)"
"Oklahoma City Thunder",2010,"18",329,0.06,141.47,0.43,118,95.4,22.6,2.79,14.56,0.16,0.069,"NBA",NA,NA,2011,"Thunder (Sonics)"
"Oklahoma City Thunder",2011,"15",348,0.06,139.2,0.4,126,101.5,24.5,2.76,14.2,0.176,0.07,"NBA",NA,NA,2012,"Thunder (Sonics)"
"Oklahoma City Thunder",2012,"12",475,0.36,137.75,0.29,127,97.1,29.9,3.74,15.89,0.217,0.063,"NBA",NA,NA,2013,"Thunder (Sonics)"
"Oklahoma City Thunder",2013,"11",590,0.24,141.6,0.24,144,110.7,33.3,4.09722222222222,17.7177177177177,0.235169491525424,0.0564406779661017,"NBA",NA,NA,2014,"Thunder (Sonics)"
"Seattle Supersonics",1991,"26",37.3,NA,NA,NA,NA,NA,NA,NA,NA,NA,NA,"NBA",NA,NA,1992,"Thunder (Sonics)"
"Seattle Supersonics",1992,"26",45,NA,NA,NA,NA,NA,NA,NA,NA,NA,NA,"NBA",NA,NA,1993,"Thunder (Sonics)"
"Seattle Supersonics",1994,"12",96,NA,NA,NA,NA,NA,NA,NA,NA,NA,NA,"NBA",NA,NA,1995,"Thunder (Sonics)"
"Seattle Supersonics",1995,"10",119,NA,NA,NA,NA,NA,NA,NA,NA,NA,NA,"NBA",NA,NA,1996,"Thunder (Sonics)"
"Seattle Supersonics",1996,"10",129,NA,NA,NA,NA,NA,NA,NA,NA,NA,NA,"NBA",NA,NA,1997,"Thunder (Sonics)"
"Seattle Supersonics",1997,"15",137,NA,NA,NA,NA,NA,NA,NA,NA,NA,NA,"NBA",NA,NA,1998,"Thunder (Sonics)"
"Seattle Supersonics",1999,"11",169.44,NA,NA,NA,NA,NA,NA,NA,NA,NA,NA,"NBA",NA,NA,2000,"Thunder (Sonics)"
"Seattle Supersonics",2000,"11",183,0.08,73.2,0.4,43.6,45.9,-2.3,4.2,0,0,NA,"NBA",NA,NA,2001,"Thunder (Sonics)"
"Seattle Supersonics",2001,"15",187,0.02,72.93,0.39,74.7,68,6.7,2.5,27.91,0.092,0.036,"NBA",43.8,28.5,2002,"Thunder (Sonics)"
"Seattle Supersonics",2002,"18",200,0.07,100,0.5,80,77.9,2.1,2.5,95.24,0.021,0.01,"NBA",53.6,NA,2003,"Thunder (Sonics)"
"Seattle Supersonics",2003,"22",207,NA,NA,NA,NA,NA,6.3,NA,32.86,NA,0.03,"NBA",NA,NA,2004,"Thunder (Sonics)"
"Seattle Supersonics",2004,"27",196,-0.06,90.16,0.46,70,67.6,2.4,2.8,81.67,0.027,0.012,"NBA",NA,NA,2005,"Thunder (Sonics)"
"Seattle Supersonics",2005,"28",205,0.04,90.2,0.44,73,72.5,0.5,2.81,410,0.006,0.002,"NBA",NA,NA,2006,"Thunder (Sonics)"
"Seattle Supersonics",2006,"26",268,0.15,139.36,0.52,81,77.4,3.6,3.31,74.44,0.026,0.013,"NBA",NA,NA,2007,"Thunder (Sonics)"
"Seattle Supersonics",2007,"28",269,0,139.88,0.52,81,86.7,-5.7,3.32,0,0,NA,"NBA",NA,NA,2008,"Thunder (Sonics)"
"Minnesota Timberwolves",1991,"17",51.2,NA,NA,NA,NA,NA,NA,NA,NA,NA,NA,"NBA",NA,NA,1992,"Timberwolves"
"Minnesota Timberwolves",1992,"14",62,NA,NA,NA,NA,NA,NA,NA,NA,NA,NA,"NBA",NA,NA,1993,"Timberwolves"
"Minnesota Timberwolves",1994,"13",92,NA,NA,NA,NA,NA,NA,NA,NA,NA,NA,"NBA",NA,NA,1995,"Timberwolves"
"Minnesota Timberwolves",1995,"15",99,NA,NA,NA,NA,NA,NA,NA,NA,NA,NA,"NBA",NA,NA,1996,"Timberwolves"
"Minnesota Timberwolves",1996,"18",110,NA,NA,NA,NA,NA,NA,NA,NA,NA,NA,"NBA",NA,NA,1997,"Timberwolves"
"Minnesota Timberwolves",1997,"21",123,NA,NA,NA,NA,NA,NA,NA,NA,NA,NA,"NBA",NA,NA,1998,"Timberwolves"
"Minnesota Timberwolves",1999,"26",118.7,NA,NA,NA,NA,NA,NA,NA,NA,NA,NA,"NBA",NA,NA,2000,"Timberwolves"
"Minnesota Timberwolves",2000,"21",146,0.23,20.44,0.14,41.7,37.5,4.2,3.5,34.76,0.205,0.029,"NBA",NA,NA,2001,"Timberwolves"
"Minnesota Timberwolves",2001,"21",169,0.16,20.28,0.12,70.4,64.6,5.8,2.4,29.14,0.286,0.034,"NBA",44.6,22.8,2002,"Timberwolves"
"Minnesota Timberwolves",2002,"21",185,0.09,20.35,0.11,77,72.8,4.2,2.4,44.05,0.206,0.023,"NBA",50.2,NA,2003,"Timberwolves"
"Minnesota Timberwolves",2003,"20",213,0.13,NA,NA,NA,NA,8.8,NA,24.2,NA,0.041,"NBA",NA,NA,2004,"Timberwolves"
"Minnesota Timberwolves",2004,"20",230,0.08,50.6,0.22,85,78.1,6.9,2.71,33.33,0.136,0.03,"NBA",NA,NA,2005,"Timberwolves"
"Minnesota Timberwolves",2005,"16",291,0.26,49.47,0.17,97,117,-20,3,0,0,NA,"NBA",NA,NA,2006,"Timberwolves"
"Minnesota Timberwolves",2006,"20",308,0.02,49.28,0.16,103,98.4,4.6,2.99,66.96,0.093,0.015,"NBA",NA,NA,2007,"Timberwolves"
"Minnesota Timberwolves",2007,"22",308,0,49.28,0.16,103,104.9,-1.9,2.99,0,0,NA,"NBA",NA,NA,2008,"Timberwolves"
"Minnesota Timberwolves",2008,"23",301,-0.02,51.17,0.17,100,105.7,-5.7,3.01,0,0,NA,"NBA",NA,NA,2009,"Timberwolves"
"Minnesota Timberwolves",2009,"27",268,-0.11,50.92,0.19,96,102.8,-6.8,2.79,0,0,NA,"NBA",NA,NA,2010,"Timberwolves"
"Minnesota Timberwolves",2010,"29",264,-0.01,50.16,0.19,95,101.7,-6.7,2.78,0,0,NA,"NBA",NA,NA,2011,"Timberwolves"
"Minnesota Timberwolves",2011,"27",272,0.03,76.16,0.28,97,103.8,-6.8,2.8,0,0,NA,"NBA",NA,NA,2012,"Timberwolves"
"Minnesota Timberwolves",2012,"26",364,0.34,76.44,0.21,96,100.5,-4.5,3.79,0,0,NA,"NBA",NA,NA,2013,"Timberwolves"
"Minnesota Timberwolves",2013,"26",430,0.18,98.9,0.23,116,118.7,-2.7,3.70689655172414,-159.259259259259,-0.0273003033367037,-0.00627906976744186,"NBA",NA,NA,2014,"Timberwolves"
"Portland Trail Blazers",1991,"10",59.9,NA,NA,NA,NA,NA,NA,NA,NA,NA,NA,"NBA",NA,NA,1992,"Trail Blazers"
"Portland Trail Blazers",1992,"8",78,NA,NA,NA,NA,NA,NA,NA,NA,NA,NA,"NBA",NA,NA,1993,"Trail Blazers"
"Portland Trail Blazers",1994,"5",122,NA,NA,NA,NA,NA,NA,NA,NA,NA,NA,"NBA",NA,NA,1995,"Trail Blazers"
"Portland Trail Blazers",1995,"7",132,NA,NA,NA,NA,NA,NA,NA,NA,NA,NA,"NBA",NA,NA,1996,"Trail Blazers"
"Portland Trail Blazers",1996,"8",137,NA,NA,NA,NA,NA,NA,NA,NA,NA,NA,"NBA",NA,NA,1997,"Trail Blazers"
"Portland Trail Blazers",1997,"7",179,NA,NA,NA,NA,NA,NA,NA,NA,NA,NA,"NBA",NA,NA,1998,"Trail Blazers"
"Portland Trail Blazers",1999,"4",244.76,NA,NA,NA,NA,NA,NA,NA,NA,NA,NA,"NBA",NA,NA,2000,"Trail Blazers"
"Portland Trail Blazers",2000,"4",257,0.05,149.06,0.58,57.1,70.6,-13.5,4.5,0,0,NA,"NBA",NA,NA,2001,"Trail Blazers"
"Portland Trail Blazers",2001,"4",272,0.06,149.6,0.55,97.3,110.1,-12.8,2.8,0,0,NA,"NBA",76.4,44,2002,"Trail Blazers"
"Portland Trail Blazers",2002,"4",283,0.04,135.84,0.48,101,120.3,-19.3,2.8,0,0,NA,"NBA",89.5,NA,2003,"Trail Blazers"
"Portland Trail Blazers",2003,"9",270,0.1,NA,NA,NA,NA,-22.8,NA,0,NA,NA,"NBA",NA,NA,2004,"Trail Blazers"
"Portland Trail Blazers",2004,"14",272,0.01,136,0.5,97,182.1,-85.1,2.8,0,0,NA,"NBA",NA,NA,2005,"Trail Blazers"
"Portland Trail Blazers",2005,"21",247,-0.09,130.91,0.53,88,135,-47,2.81,0,0,NA,"NBA",NA,NA,2006,"Trail Blazers"
"Portland Trail Blazers",2006,"30",230,0.01,59.8,0.26,77,92.2,-15.2,2.99,0,0,NA,"NBA",NA,NA,2007,"Trail Blazers"
"Portland Trail Blazers",2007,"30",253,0.1,103.73,0.41,82,107.1,-25.1,3.09,0,0,NA,"NBA",NA,NA,2008,"Trail Blazers"
"Portland Trail Blazers",2008,"20",307,0.21,104.38,0.34,114,114.9,-0.9,2.69,0,0,NA,"NBA",NA,NA,2009,"Trail Blazers"
"Portland Trail Blazers",2009,"16",338,0.1,104.78,0.31,121,141.3,-20.3,2.79,0,0,NA,"NBA",NA,NA,2010,"Trail Blazers"
"Portland Trail Blazers",2010,"14",356,0.05,106.8,0.3,127,116.3,10.7,2.8,33.27,0.1,0.03,"NBA",NA,NA,2011,"Trail Blazers"
"Portland Trail Blazers",2011,"13",370,0.04,103.6,0.28,132,140.1,-8.1,2.8,0,0,NA,"NBA",NA,NA,2012,"Trail Blazers"
"Portland Trail Blazers",2012,"15",457,0.24,105.11,0.23,117,127.1,-10.1,3.91,0,0,NA,"NBA",NA,NA,2013,"Trail Blazers"
"Portland Trail Blazers",2013,"12",587,0.28,105.66,0.18,140,110,30,4.19285714285714,19.5666666666667,0.283929585462805,0.0511073253833049,"NBA",NA,NA,2014,"Trail Blazers"
"Golden State Warriors",1991,"18",50.7,NA,NA,NA,NA,NA,NA,NA,NA,NA,NA,"NBA",NA,NA,1992,"Warriors"
"Golden State Warriors",1992,"10",63,NA,NA,NA,NA,NA,NA,NA,NA,NA,NA,"NBA",NA,NA,1993,"Warriors"
"Golden State Warriors",1994,"14",85,NA,NA,NA,NA,NA,NA,NA,NA,NA,NA,"NBA",NA,NA,1995,"Warriors"
"Golden State Warriors",1995,"24",83,NA,NA,NA,NA,NA,NA,NA,NA,NA,NA,"NBA",NA,NA,1996,"Warriors"
"Golden State Warriors",1996,"15",114,NA,NA,NA,NA,NA,NA,NA,NA,NA,NA,"NBA",NA,NA,1997,"Warriors"
"Golden State Warriors",1997,"18",130,NA,NA,NA,NA,NA,NA,NA,NA,NA,NA,"NBA",NA,NA,1998,"Warriors"
"Golden State Warriors",1999,"20",129.63,NA,NA,NA,NA,NA,NA,NA,NA,NA,NA,"NBA",NA,NA,2000,"Warriors"
"Golden State Warriors",2000,"23",140,0.08,112,0.8,31.8,39.5,-7.7,4.4,0,0,NA,"NBA",NA,NA,2001,"Warriors"
"Golden State Warriors",2001,"22",168,0.2,112.56,0.67,67.2,61.2,6,2.5,28,0.053,0.036,"NBA",38.6,19.3,2002,"Warriors"
"Golden State Warriors",2002,"26",166,-0.01,99.6,0.6,69,66.1,2.9,2.41,57.24,0.029,0.017,"NBA",44.9,NA,2003,"Warriors"
"Golden State Warriors",2003,"27",176,0.06,NA,NA,NA,NA,-0.6,NA,0,NA,NA,"NBA",NA,NA,2004,"Warriors"
"Golden State Warriors",2004,"28",188,0.06,54.52,0.29,70,62.2,7.8,2.69,24.1,0.143,0.041,"NBA",NA,NA,2005,"Warriors"
"Golden State Warriors",2005,"24",228,0.21,75.24,0.33,76,67.9,8.1,3,28.15,0.108,0.036,"NBA",NA,NA,2006,"Warriors"
"Golden State Warriors",2006,"27",267,0.1,74.76,0.28,89,82.7,6.3,3,42.38,0.084,0.024,"NBA",NA,NA,2007,"Warriors"
"Golden State Warriors",2007,"21",309,0.16,74.16,0.24,103,101.7,1.3,3,237.69,0.018,0.004,"NBA",NA,NA,2008,"Warriors"
"Golden State Warriors",2008,"18",335,0.08,73.7,0.22,112,97.8,14.2,2.99,23.59,0.193,0.042,"NBA",NA,NA,2009,"Warriors"
"Golden State Warriors",2009,"18",315,-0.06,75.6,0.24,113,101.1,11.9,2.79,26.47,0.157,0.038,"NBA",NA,NA,2010,"Warriors"
"Golden State Warriors",2010,"12",363,0.15,148.83,0.41,119,104.7,14.3,3.05,25.38,0.096,0.039,"NBA",NA,NA,2011,"Warriors"
"Golden State Warriors",2011,"8",450,0.24,148.5,0.33,139,116.8,22.2,3.24,20.27,0.149,0.049,"NBA",NA,NA,2012,"Warriors"
"Golden State Warriors",2012,"8",555,0.23,149.85,0.27,127,97.9,29.1,4.37,19.07,0.194,0.052,"NBA",NA,NA,2013,"Warriors"
"Golden State Warriors",2013,"9",750,0.35,150,0.2,160,117,43,4.6875,17.4418604651163,0.286666666666667,0.0573333333333333,"NBA",NA,NA,2014,"Warriors"
"Washington Bullets",1991,"25",37.5,NA,NA,NA,NA,NA,NA,NA,NA,NA,NA,"NBA",NA,NA,1992,"Wizards"
"Washington Bullets",1992,"25",46,NA,NA,NA,NA,NA,NA,NA,NA,NA,NA,"NBA",NA,NA,1993,"Wizards"
"Washington Bullets",1994,"22",78,NA,NA,NA,NA,NA,NA,NA,NA,NA,NA,"NBA",NA,NA,1995,"Wizards"
"Washington Bullets",1995,"16",96,NA,NA,NA,NA,NA,NA,NA,NA,NA,NA,"NBA",NA,NA,1996,"Wizards"
"Washington Bullets",1996,"16",113,NA,NA,NA,NA,NA,NA,NA,NA,NA,NA,"NBA",NA,NA,1997,"Wizards"
"Washington Bullets",1997,"19",129,NA,NA,NA,NA,NA,NA,NA,NA,NA,NA,"NBA",NA,NA,1998,"Wizards"
"Washington Wizards",1999,"6",206.93,NA,NA,NA,NA,NA,NA,NA,NA,NA,NA,"NBA",NA,NA,2000,"Wizards"
"Washington Wizards",2000,"9",209,0.01,110.77,0.53,48.6,51.4,-2.8,4.3,0,0,NA,"NBA",NA,NA,2001,"Wizards"
"Washington Wizards",2001,"12",210,0,111.3,0.53,75,81.1,-6.1,2.8,0,0,NA,"NBA",55.1,20.3,2002,"Wizards"
"Washington Wizards",2002,"14",214,0.02,111.28,0.52,81,86.7,-5.7,2.64,0,0,NA,"NBA",62.1,NA,2003,"Wizards"
"Washington Wizards",2003,"6",278,0.15,NA,NA,NA,NA,12.7,NA,21.89,NA,0.046,"NBA",NA,NA,2004,"Wizards"
"Washington Wizards",2004,"13",274,-0.02,65.76,0.24,98,69.5,28.5,2.8,9.61,0.433,0.104,"NBA",NA,NA,2005,"Wizards"
"Washington Wizards",2005,"18",273,0,109.2,0.4,94,72.5,21.5,2.9,12.7,0.197,0.079,"NBA",NA,NA,2006,"Wizards"
"Washington Wizards",2006,"15",334,0.05,167,0.5,108,93.2,14.8,3.09,22.57,0.089,0.044,"NBA",NA,NA,2007,"Wizards"
"Washington Wizards",2007,"15",348,0.04,167.04,0.48,112,100.4,11.6,3.11,30,0.069,0.033,"NBA",NA,NA,2008,"Wizards"
"Washington Wizards",2008,"15",353,0.02,165.91,0.47,118,103.1,14.9,2.99,23.69,0.09,0.042,"NBA",NA,NA,2009,"Wizards"
"Washington Wizards",2009,"19",313,-0.11,194.06,0.62,110,105.1,4.9,2.85,63.88,0.025,0.016,"NBA",NA,NA,2010,"Wizards"
"Washington Wizards",2010,"19",322,0.03,128.8,0.4,107,112.2,-5.2,3.01,0,0,NA,"NBA",NA,NA,2011,"Wizards"
"Washington Wizards",2011,"19",328,0.02,131.2,0.4,109,112.4,-3.4,3.01,0,0,NA,"NBA",NA,NA,2012,"Wizards"
"Washington Wizards",2012,"23",397,0.21,131.01,0.33,102,100.3,1.7,3.89,233.53,0.013,0.004,"NBA",NA,NA,2013,"Wizards"
"Washington Wizards",2013,"21",485,0.22,130.95,0.27,122,115,7,3.97540983606557,69.2857142857143,0.0534555173730431,0.0144329896907217,"NBA",NA,NA,2014,"Wizards"
